cve_id,fornecedor,produto,nome_vulnerabilidade,data_publicacao,data_adicao,data_limite,dias_publicacao_ate_kev,janela_correcao_dias,cvss_score,cvss_severidade,cvss_versao,prioridade,uso_ransomware,ransomware_confirmado,triagem_forense,cwes_texto,status_nvd,descricao_cisa,acao_requerida,notas
CVE-2026-15409,SonicWall,SMA1000 Appliances,SonicWall SMA1000 Appliances Server-Side Request Forgery Vulnerability,2026-07-14,2026-07-14,2026-07-17,-1,3,10.0,CRITICAL,3.1,CRITICA,Known,True,Yes,CWE-918,Analyzed,SonicWall SMA1000 Appliances contain a server-side request forgery vulnerability that could allow a remote unauthenticated attacker to potentially cause the appliance to make requests to unintended location.,"Apply mitigations in accordance with vendor instructions, ensuring compliance with CISA’s BOD 26-04 Prioritizing Security Updates Based on Risk (see URL in Notes) guidance and CISA’s “Forensics Triage Requirements” (see URL in Notes). Follow applicable BOD 26-04 guidance for cloud services or discontinue use of the product if mitigations are unavailable. Stakeholders are responsible for evaluating each asset's internet exposure and ensuring adherence to BOD 26-04 patching guidelines.",https://psirt.global.sonicwall.com/vuln-detail/SNWLID-2026-0008 ; BOD 26-04: https://www.cisa.gov/news-events/directives/bod-26-04-prioritizing-security-updates-based-risk ; Forensics Triage Requirements: https://www.cisa.gov/news-events/directives/bod-26-04-implementation-guidance-prioritizing-security-updates-based-risk ; https://nvd.nist.gov/vuln/detail/CVE-2026-15409
CVE-2026-20131,Cisco,Secure Firewall Management Center (FMC),Cisco Secure Firewall Management Center (FMC) Software and Cisco Security Cloud Control (SCC) Firewall Management Deserialization of Untrusted Data Vulnerability,2026-03-04,2026-03-19,2026-03-22,14,3,10.0,CRITICAL,3.1,CRITICA,Known,True,No,CWE-502,Analyzed,"Cisco Secure Firewall Management Center (FMC) Software and Cisco Security Cloud Control (SCC) Firewall Management contain a deserialization of untrusted data vulnerability in the web-based management interface that could allow an unauthenticated, remote attacker to execute arbitrary Java code as root on an affected device.","Apply mitigations per vendor instructions, follow applicable BOD 22-01 guidance for cloud services, or discontinue use of the product if mitigations are unavailable.",https://sec.cloudapps.cisco.com/security/center/content/CiscoSecurityAdvisory/cisco-sa-fmc-rce-NKhnULJh ; https://nvd.nist.gov/vuln/detail/CVE-2026-20131
CVE-2025-52691,SmarterTools,SmarterMail,SmarterTools SmarterMail Unrestricted Upload of File with Dangerous Type Vulnerability,2025-12-29,2026-01-26,2026-02-16,27,21,10.0,CRITICAL,3.1,CRITICA,Known,True,No,CWE-434,Analyzed,"SmarterTools SmarterMail contains an unrestricted upload of file with dangerous type vulnerability that could allow an unauthenticated attacker to upload arbitrary files to any location on the mail server, potentially enabling remote code execution.","Apply mitigations per vendor instructions, follow applicable BOD 22-01 guidance for cloud services, or discontinue use of the product if mitigations are unavailable.",https://www.smartertools.com/smartermail/release-notes/current ; https://www.csa.gov.sg/alerts-and-advisories/alerts/al-2025-124/ ; https://nvd.nist.gov/vuln/detail/CVE-2025-52691
CVE-2025-55182,Meta,React Server Components,Meta React Server Components Remote Code Execution Vulnerability,2025-12-03,2025-12-05,2025-12-12,1,7,10.0,CRITICAL,3.1,CRITICA,Known,True,No,CWE-502,Analyzed,"Meta React Server Components contains a remote code execution vulnerability that could allow unauthenticated remote code execution by exploiting a flaw in how React decodes payloads sent to React Server Function endpoints. Please note CVE-2025-66478 has been rejected, but it is associated with CVE-2025- 55182.","Apply mitigations per vendor instructions, follow applicable BOD 22-01 guidance for cloud services, or discontinue use of the product if mitigations are unavailable.","Check for signs of potential compromise on all internet accessible REACT instances after applying mitigations. For more information, please see: https://react.dev/blog/2025/12/03/critical-security-vulnerability-in-react-server-components ; https://github.com/vercel-labs/fix-react2shell-next?tab=readme-ov-file ; https://nvd.nist.gov/vuln/detail/CVE-2025-55182"
CVE-2024-3400,Palo Alto Networks,PAN-OS,Palo Alto Networks PAN-OS Command Injection Vulnerability,2024-04-12,2024-04-12,2024-04-19,-1,7,10.0,CRITICAL,3.1,CRITICA,Known,True,No,CWE-20|CWE-77,Analyzed,Palo Alto Networks PAN-OS GlobalProtect feature contains a command injection vulnerability that allows an unauthenticated attacker to execute commands with root privileges on the firewall.,"Apply mitigations per vendor instructions as they become available. Otherwise, users with vulnerable versions of affected devices should enable Threat Prevention IDs available from the vendor. See the vendor bulletin for more details and a patch release schedule.",https://security.paloaltonetworks.com/CVE-2024-3400 ;   https://nvd.nist.gov/vuln/detail/CVE-2024-3400
CVE-2024-1709,ConnectWise,ScreenConnect,ConnectWise ScreenConnect Authentication Bypass Vulnerability,2024-02-21,2024-02-22,2024-02-29,0,7,10.0,CRITICAL,3.1,CRITICA,Known,True,No,CWE-288,Analyzed,"ConnectWise ScreenConnect contains an authentication bypass vulnerability that allows an attacker with network access to the management interface to create a new, administrator-level account on affected devices.",Apply mitigations per vendor instructions or discontinue use of the product if mitigations are unavailable.,https://www.connectwise.com/company/trust/security-bulletins/connectwise-screenconnect-23.9.8; https://nvd.nist.gov/vuln/detail/CVE-2024-1709
CVE-2020-2021,Palo Alto Networks,PAN-OS,Palo Alto Networks PAN-OS Authentication Bypass Vulnerability,2020-06-29,2022-03-25,2022-04-15,633,21,10.0,CRITICAL,3.1,CRITICA,Known,True,No,CWE-347,Analyzed,Palo Alto Networks PAN-OS contains a vulnerability in SAML which allows an attacker to bypass authentication.,Apply updates per vendor instructions.,https://nvd.nist.gov/vuln/detail/CVE-2020-2021
CVE-2020-0796,Microsoft,SMBv3,Microsoft SMBv3 Remote Code Execution Vulnerability,2020-03-12,2022-02-10,2022-08-10,699,181,10.0,CRITICAL,3.1,CRITICA,Known,True,No,CWE-119,Analyzed,A remote code execution vulnerability exists in the way that the Microsoft Server Message Block 3.1.1 (SMBv3) protocol handles certain requests. An attacker who successfully exploited the vulnerability could gain the ability to execute code on the target server or client.,Apply updates per vendor instructions.,https://nvd.nist.gov/vuln/detail/CVE-2020-0796
CVE-2021-44228,Apache,Log4j2,Apache Log4j2 Remote Code Execution Vulnerability,2021-12-10,2021-12-10,2021-12-24,-1,14,10.0,CRITICAL,3.1,CRITICA,Known,True,No,CWE-20|CWE-400|CWE-502|CWE-917,Analyzed,"Apache Log4j2 contains a vulnerability where JNDI features do not protect against attacker-controlled JNDI-related endpoints, allowing for remote code execution.","For all affected software assets for which updates exist, the only acceptable remediation actions are: 1) Apply updates; OR 2) remove affected assets from agency networks. Temporary mitigations using one of the measures provided at https://www.cisa.gov/uscert/ed-22-02-apache-log4j-recommended-mitigation-measures are only acceptable until updates are available.",https://nvd.nist.gov/vuln/detail/CVE-2021-44228
CVE-2019-11510,Ivanti,Pulse Connect Secure,Ivanti Pulse Connect Secure Arbitrary File Read Vulnerability,2019-05-08,2021-11-03,2022-05-03,909,181,10.0,CRITICAL,3.1,CRITICA,Known,True,No,CWE-22,Analyzed,Ivanti Pulse Connect Secure contains an arbitrary file read vulnerability that allows an unauthenticated remote attacker with network access via HTTPS to send a specially crafted URI.,Apply updates per vendor instructions.,Reference CISA's ED 21-03 (https://www.cisa.gov/news-events/directives/ed-21-03-mitigate-pulse-connect-secure-product-vulnerabilities) for further guidance and requirements. Note: The due date for addressing this vulnerability aligns with the requirements outlined in ED 21-03. https://nvd.nist.gov/vuln/detail/CVE-2019-11510
CVE-2021-22205,GitLab,Community and Enterprise Editions,GitLab Community and Enterprise Editions Remote Code Execution Vulnerability,2021-04-23,2021-11-03,2021-11-17,193,14,10.0,CRITICAL,3.1,CRITICA,Known,True,No,CWE-94,Analyzed,"GitHub Community and Enterprise Editions that utilize the ability to upload images through GitLab Workhorse are vulnerable to remote code execution. Workhorse passes image file extensions through ExifTool, which improperly validates the image files.",Apply updates per vendor instructions.,https://nvd.nist.gov/vuln/detail/CVE-2021-22205
CVE-2021-22893,Ivanti,Pulse Connect Secure,Ivanti Pulse Connect Secure Use-After-Free Vulnerability,2021-04-23,2021-11-03,2022-05-03,193,181,10.0,CRITICAL,3.1,CRITICA,Known,True,No,CWE-287|CWE-416,Analyzed,"Ivanti Pulse Connect Secure contains a use-after-free vulnerability that allow a remote, unauthenticated attacker to execute code via license services.",Apply updates per vendor instructions.,Reference CISA's ED 21-03 (https://www.cisa.gov/news-events/directives/ed-21-03-mitigate-pulse-connect-secure-product-vulnerabilities) for further guidance and requirements. Note: The due date for addressing this vulnerability aligns with the requirements outlined in ED 21-03. https://nvd.nist.gov/vuln/detail/CVE-2021-22893
CVE-2021-35211,SolarWinds,Serv-U,SolarWinds Serv-U Remote Code Execution Vulnerability,2021-07-14,2021-11-03,2021-11-17,111,14,10.0,CRITICAL,3.1,CRITICA,Known,True,No,CWE-787,Analyzed,SolarWinds Serv-U contains an unspecified memory escape vulnerability which can allow for remote code execution.,Apply updates per vendor instructions.,https://nvd.nist.gov/vuln/detail/CVE-2021-35211
CVE-2024-57726,SimpleHelp ,SimpleHelp,SimpleHelp Missing Authorization Vulnerability,2025-01-15,2026-04-24,2026-05-08,463,14,9.9,CRITICAL,3.1,CRITICA,Known,True,No,CWE-862,Analyzed,SimpleHelp contains a missing authorization vulnerability that could allow low-privileged technicians to create API keys with excessive permissions. These API keys can be used to escalate privileges to the server admin role.,"Apply mitigations per vendor instructions, follow applicable BOD 22-01 guidance for cloud services, or discontinue use of the product if mitigations are unavailable.",https://simple-help.com/kb---security-vulnerabilities-01-2025#security-vulnerabilities-in-simplehelp-5-5-7-and-earlier ; https://nvd.nist.gov/vuln/detail/CVE-2024-57726
CVE-2026-1731,BeyondTrust,Remote Support (RS) and Privileged Remote Access (PRA),BeyondTrust Remote Support (RS) and Privileged Remote Access (PRA) OS Command Injection Vulnerability,2026-02-06,2026-02-13,2026-02-16,6,3,9.9,CRITICAL,4.0,CRITICA,Known,True,No,CWE-78,Analyzed,"BeyondTrust Remote Support (RS) and Privileged Remote Access (PRA)contain an OS command injection vulnerability. Successful exploitation could allow an unauthenticated remote attacker to execute operating system commands in the context of the site user. Successful exploitation requires no authentication or user interaction and may lead to system compromise, including unauthorized access, data exfiltration, and service disruption.","Apply mitigations per vendor instructions, follow applicable BOD 22-01 guidance for cloud services, or discontinue use of the product if mitigations are unavailable.",Please adhere to the vendor's guidelines to assess exposure and mitigate risks. Check for signs of potential compromise on all internet accessible BeyondTrust products affected by this vulnerability. For more information please: see: https://www.beyondtrust.com/trust-center/security-advisories/bt26-02 ; https://nvd.nist.gov/vuln/detail/CVE-2026-1731
CVE-2023-48365,Qlik,Sense,Qlik Sense HTTP Tunneling Vulnerability,2023-11-15,2025-01-13,2025-02-03,424,21,9.9,CRITICAL,3.1,CRITICA,Known,True,No,CWE-444,Analyzed,Qlik Sense contains an HTTP tunneling vulnerability that allows an attacker to escalate privileges and execute HTTP requests on the backend server hosting the software.,Apply mitigations per vendor instructions or discontinue use of the product if mitigations are unavailable.,https://community.qlik.com/t5/Official-Support-Articles/Critical-Security-fixes-for-Qlik-Sense-Enterprise-for-Windows/tac-p/2120510 ; https://nvd.nist.gov/vuln/detail/CVE-2023-48365
CVE-2023-41265,Qlik,Sense,Qlik Sense HTTP Tunneling Vulnerability,2023-08-29,2023-12-07,2023-12-28,99,21,9.9,CRITICAL,3.1,CRITICA,Known,True,No,CWE-444,Analyzed,Qlik Sense contains an HTTP tunneling vulnerability that allows an attacker to escalate privileges and execute HTTP requests on the backend server hosting the software.,Apply remediations or mitigations per vendor instructions or discontinue use of the product if remediation or mitigations are unavailable.,https://community.qlik.com/t5/Official-Support-Articles/Critical-Security-fixes-for-Qlik-Sense-Enterprise-for-Windows/ta-p/2110801;  https://nvd.nist.gov/vuln/detail/CVE-2023-41265
CVE-2026-59310,Broadcom,VMware vCenter,Broadcom VMware vCenter Path Traversal Vulnerability,2026-07-30,2026-08-18,2026-08-21,18,3,9.8,CRITICAL,3.1,CRITICA,Known,True,Yes,CWE-22,Analyzed,Broadcom VMware vCenter contains a path traversal vulnerability which could allow a threat actor with network access to vCenter to execute arbitrary code.,"Apply mitigations in accordance with vendor instructions, ensuring compliance with CISA’s BOD 26-04 Prioritizing Security Updates Based on Risk (see URL in Notes) guidance and CISA’s “Forensics Triage Requirements” (see URL in Notes). Follow applicable BOD 26-04 guidance for cloud services or discontinue use of the product if mitigations are unavailable. Stakeholders are responsible for evaluating each asset's internet exposure and ensuring adherence to BOD 26-04 patching guidelines.",https://support.broadcom.com/web/ecx/support-content-notification/-/external/content/SecurityAdvisories/0/38017 ; BOD 26-04: https://www.cisa.gov/news-events/directives/bod-26-04-prioritizing-security-updates-based-risk ; Forensics Triage Requirements: https://www.cisa.gov/news-events/directives/bod-26-04-implementation-guidance-prioritizing-security-updates-based-risk ; https://nvd.nist.gov/vuln/detail/CVE-2026-59310
CVE-2026-63077,JetBrains,TeamCity,JetBrains TeamCity Deserialization of Untrusted Data Vulnerability,2026-07-27,2026-08-05,2026-08-08,8,3,9.8,CRITICAL,3.1,CRITICA,Known,True,Yes,CWE-502,Analyzed,JetBrains TeamCity contains a deserialization of untrusted data vulnerability that could allow unauthenticated remote code execution via the agent polling protocol.,"Apply mitigations in accordance with vendor instructions, ensuring compliance with CISA’s BOD 26-04 Prioritizing Security Updates Based on Risk (see URL in Notes) guidance and CISA’s “Forensics Triage Requirements” (see URL in Notes). Follow applicable BOD 26-04 guidance for cloud services or discontinue use of the product if mitigations are unavailable. Stakeholders are responsible for evaluating each asset's internet exposure and ensuring adherence to BOD 26-04 patching guidelines.",https://blog.jetbrains.com/teamcity/2026/07/cve-2026-63077/; https://www.jetbrains.com/privacy-security/issues-fixed/ ; BOD 26-04: https://www.cisa.gov/news-events/directives/bod-26-04-prioritizing-security-updates-based-risk ; Forensics Triage Requirements: https://www.cisa.gov/news-events/directives/bod-26-04-implementation-guidance-prioritizing-security-updates-based-risk ; https://nvd.nist.gov/vuln/detail/CVE-2026-63077
CVE-2026-35273,Oracle, PeopleSoft Enterprise PeopleTools,Oracle PeopleSoft Enterprise PeopleTools Missing Authentication for Critical Function Vulnerability,2026-06-11,2026-06-12,2026-06-15,0,3,9.8,CRITICAL,3.1,CRITICA,Known,True,No,CWE-306,Analyzed,Oracle PeopleSoft Enterprise PeopleTools contains a missing authentication for critical function vulnerability which could allow an unauthenticated attacker to obtain takeover of PeopleSoft Enterprise PeopleTools.,"Apply mitigations in accordance with vendor instructions, ensuring compliance with CISA’s BOD 26-04 Prioritizing Security Updates Based on Risk (see URL in Notes) guidance and CISA’s “Forensics Triage Requirements” (see URL in Notes). Follow applicable BOD 26-04 guidance for cloud services or discontinue use of the product if mitigations are unavailable. Stakeholders are responsible for evaluating each asset's internet exposure and ensuring adherence to BOD 26-04 patching guidelines.",https://www.oracle.com/security-alerts/alert-cve-2026-35273.html ; https://support.oracle.com/signin/ ; BOD 26-04: https://www.cisa.gov/news-events/directives/bod-26-04-prioritizing-security-updates-based-risk ; Forensics Triage Requirements: https://www.cisa.gov/news-events/directives/bod-26-04-implementation-guidance-prioritizing-security-updates-based-risk ; https://nvd.nist.gov/vuln/detail/CVE-2026-35273
CVE-2025-26399,SolarWinds,Web Help Desk,SolarWinds Web Help Desk Deserialization of Untrusted Data Vulnerability,2025-09-23,2026-03-09,2026-03-12,166,3,9.8,CRITICAL,3.1,CRITICA,Known,True,No,CWE-502,Analyzed,SolarWinds Web Help Desk contain a deserialization of untrusted data vulnerability in AjaxProxy that could allow an attacker to run commands on the host machine.,"Apply mitigations per vendor instructions, follow applicable BOD 22-01 guidance for cloud services, or discontinue use of the product if mitigations are unavailable.",https://www.solarwinds.com/trust-center/security-advisories/cve-2025-26399 ; https://documentation.solarwinds.com/en/success_center/whd/content/release_notes/whd_12-8-7-hotfix-1_release_notes.htm ; https://nvd.nist.gov/vuln/detail/CVE-2025-26399
CVE-2025-61882,Oracle,E-Business Suite,Oracle E-Business Suite Unspecified Vulnerability,2025-10-05,2025-10-06,2025-10-27,0,21,9.8,CRITICAL,3.1,CRITICA,Known,True,No,CWE-287,Analyzed,Oracle E-Business Suite contains an unspecified vulnerability in the BI Publisher Integration component. The vulnerability allows unauthenticated attacker with network access via HTTP to compromise Oracle Concurrent Processing. Successful attacks can result in takeover of Oracle Concurrent Processing.,"Apply mitigations per vendor instructions, follow applicable BOD 22-01 guidance for cloud services, or discontinue use of the product if mitigations are unavailable.",https://www.oracle.com/security-alerts/alert-cve-2025-61882.html ; https://nvd.nist.gov/vuln/detail/CVE-2025-61882
CVE-2025-10035,Fortra,GoAnywhere MFT,Fortra GoAnywhere MFT Deserialization of Untrusted Data Vulnerability,2025-09-18,2025-09-29,2025-10-20,10,21,9.8,CRITICAL,3.1,CRITICA,Known,True,No,CWE-77|CWE-502,Analyzed,"Fortra GoAnywhere MFT contains a deserialization of untrusted data vulnerability allows an actor with a validly forged license response signature to deserialize an arbitrary actor-controlled object, possibly leading to command injection.","Apply mitigations per vendor instructions, follow applicable BOD 22-01 guidance for cloud services, or discontinue use of the product if mitigations are unavailable.",https://www.fortra.com/security/advisories/product-security/fi-2025-012 ; https://nvd.nist.gov/vuln/detail/CVE-2025-10035
CVE-2025-53770,Microsoft,SharePoint,Microsoft SharePoint Deserialization of Untrusted Data Vulnerability,2025-07-20,2025-07-20,2025-07-21,-1,1,9.8,CRITICAL,3.1,CRITICA,Known,True,No,CWE-502,Analyzed,"Microsoft SharePoint Server on-premises contains a deserialization of untrusted data vulnerability that could allow an unauthorized attacker to execute code over a network. This vulnerability could be chained with CVE-2025-53771. CVE-2025-53770 is a patch bypass for CVE-2025-49704, and the updates for CVE-2025-53770 include more robust protection than those for CVE-2025-49704.","Disconnect public-facing versions of SharePoint Server that have reached their end-of-life (EOL) or end-of-service (EOS) to include SharePoint Server 2013 and earlier versions. For supported versions, please follow the mitigations according to CISA (URL listed below in Notes) and vendor instructions (URL listed below in Notes). Adhere to the applicable BOD 22-01 guidance for cloud services or discontinue use of the product if mitigations are not available.",CISA Mitigation Instructions: https://www.cisa.gov/news-events/alerts/2025/07/20/microsoft-releases-guidance-exploitation-sharepoint-vulnerability-cve-2025-53770; https://www.microsoft.com/en-us/security/blog/2025/07/22/disrupting-active-exploitation-of-on-premises-sharepoint-vulnerabilities/ ; https://msrc.microsoft.com/update-guide/vulnerability/CVE-2025-53770 ; https://nvd.nist.gov/vuln/detail/CVE-2025-53770
CVE-2025-3248,Langflow,Langflow,Langflow Missing Authentication Vulnerability,2025-04-07,2025-05-05,2025-05-26,27,21,9.8,CRITICAL,3.1,CRITICA,Known,True,No,CWE-306|CWE-94,Analyzed,"Langflow contains a missing authentication vulnerability in the /api/v1/validate/code endpoint that allows a remote, unauthenticated attacker to execute arbitrary code via crafted HTTP requests.","Apply mitigations per vendor instructions, follow applicable BOD 22-01 guidance for cloud services, or discontinue use of the product if mitigations are unavailable.","This vulnerability affects a common open-source project, third-party library, or a protocol used by different products. For more information, please see: https://github.com/advisories/GHSA-c995-4fw3-j39m ; https://nvd.nist.gov/vuln/detail/CVE-2025-3248"
CVE-2025-31324,SAP,NetWeaver,SAP NetWeaver Unrestricted File Upload Vulnerability,2025-04-24,2025-04-29,2025-05-20,4,21,9.8,CRITICAL,3.1,CRITICA,Known,True,No,CWE-434,Analyzed,SAP NetWeaver Visual Composer Metadata Uploader contains an unrestricted file upload vulnerability that allows an unauthenticated agent to upload potentially malicious executable binaries.,"Apply mitigations per vendor instructions, follow applicable BOD 22-01 guidance for cloud services, or discontinue use of the product if mitigations are unavailable.",https://me.sap.com/notes/3594142 ; https://nvd.nist.gov/vuln/detail/CVE-2025-31324
CVE-2025-31161,CrushFTP,CrushFTP,CrushFTP Authentication Bypass Vulnerability,2025-04-03,2025-04-07,2025-04-28,3,21,9.8,CRITICAL,3.1,CRITICA,Known,True,No,CWE-305,Analyzed,"CrushFTP contains an authentication bypass vulnerability in the HTTP authorization header that allows a remote unauthenticated attacker to authenticate to any known or guessable user account (e.g., crushadmin), potentially leading to a full compromise. ","Apply mitigations per vendor instructions, follow applicable BOD 22-01 guidance for cloud services, or discontinue use of the product if mitigations are unavailable.",https://www.crushftp.com/crush11wiki/Wiki.jsp?page=Update ; https://nvd.nist.gov/vuln/detail/CVE-2025-31161
CVE-2025-22457,Ivanti,"Connect Secure, Policy Secure, and ZTA Gateways","Ivanti Connect Secure, Policy Secure, and ZTA Gateways Stack-Based Buffer Overflow Vulnerability",2025-04-03,2025-04-04,2025-04-11,0,7,9.8,CRITICAL,3.1,CRITICA,Known,True,No,CWE-121|CWE-787,Analyzed,"Ivanti Connect Secure, Policy Secure, and ZTA Gateways contains a stack-based buffer overflow vulnerability that allows a remote unauthenticated attacker to achieve remote code execution. ",Apply mitigations as set forth in the CISA instructions linked below.,CISA Mitigation Instructions: https://www.cisa.gov/cisa-mitigation-instructions-cve-2025-22457 ; Additional References: https://forums.ivanti.com/s/article/April-Security-Advisory-Ivanti-Connect-Secure-Policy-Secure-ZTA-Gateways-CVE-2025-22457 ; https://nvd.nist.gov/vuln/detail/CVE-2025-22457
CVE-2024-53704,SonicWall,SonicOS,SonicWall SonicOS SSLVPN Improper Authentication Vulnerability,2025-01-09,2025-02-18,2025-03-11,39,21,9.8,CRITICAL,3.1,CRITICA,Known,True,No,CWE-287,Analyzed,SonicWall SonicOS contains an improper authentication vulnerability in the SSLVPN authentication mechanism that allows a remote attacker to bypass authentication.,Apply mitigations per vendor instructions or discontinue use of the product if mitigations are unavailable.,https://psirt.global.sonicwall.com/vuln-detail/SNWLID-2025-0003 ; https://nvd.nist.gov/vuln/detail/CVE-2024-53704
CVE-2020-29574,Sophos,CyberoamOS,CyberoamOS (CROS) SQL Injection Vulnerability,2020-12-11,2025-02-06,2025-02-27,1517,21,9.8,CRITICAL,3.1,CRITICA,Known,True,No,CWE-89,Analyzed,CyberoamOS (CROS) contains a SQL injection vulnerability in the WebAdmin that allows an unauthenticated attacker to execute arbitrary SQL statements remotely.,The impacted product is end-of-life (EoL) and/or end-of-service (EoS). Users should discontinue utilization of the product.,https://support.sophos.com/support/s/article/KBA-000007526 ; https://nvd.nist.gov/vuln/detail/CVE-2020-29574
CVE-2025-23006,SonicWall,SMA1000 Appliances,SonicWall SMA1000 Appliances Deserialization Vulnerability,2025-01-23,2025-01-24,2025-02-14,0,21,9.8,CRITICAL,3.1,CRITICA,Known,True,No,CWE-502,Analyzed,"SonicWall SMA1000 Appliance Management Console (AMC) and Central Management Console (CMC) contain a deserialization of untrusted data vulnerability, which can enable a remote, unauthenticated attacker to execute arbitrary OS commands.",Apply mitigations per vendor instructions or discontinue use of the product if mitigations are unavailable.,https://psirt.global.sonicwall.com/vuln-detail/SNWLID-2025-0002 ; https://nvd.nist.gov/vuln/detail/CVE-2025-23006
CVE-2024-55591,Fortinet,FortiOS and FortiProxy,Fortinet FortiOS and FortiProxy Authentication Bypass Vulnerability,2025-01-14,2025-01-14,2025-01-21,-1,7,9.8,CRITICAL,3.1,CRITICA,Known,True,No,CWE-288,Analyzed,"Fortinet FortiOS and FortiProxy contain an authentication bypass vulnerability that may allow an unauthenticated, remote attacker to gain super-admin privileges via crafted requests to Node.js websocket module.",Apply mitigations per vendor instructions or discontinue use of the product if mitigations are unavailable.,https://fortiguard.fortinet.com/psirt/FG-IR-24-535 ; https://nvd.nist.gov/vuln/detail/CVE-2024-55591
CVE-2024-55956,Cleo,Multiple Products,Cleo Multiple Products Unauthenticated File Upload Vulnerability,2024-12-13,2024-12-17,2025-01-07,3,21,9.8,CRITICAL,3.1,CRITICA,Known,True,No,CWE-77,Analyzed,"Cleo Harmony, VLTrader, and LexiCom, which are managed file transfer products, contain an unrestricted file upload vulnerability that could allow an unauthenticated user to import and execute arbitrary bash or PowerShell commands on the host system by leveraging the default settings of the Autorun directory.",Apply mitigations per vendor instructions or discontinue use of the product if mitigations are unavailable.,https://support.cleo.com/hc/en-us/articles/28408134019735-Cleo-Product-Security-Update-CVE-2024-55956 ; https://nvd.nist.gov/vuln/detail/CVE-2024-55956
CVE-2024-50623,Cleo,Multiple Products,Cleo Multiple Products Unrestricted File Upload Vulnerability,2024-10-28,2024-12-13,2025-01-03,45,21,9.8,CRITICAL,3.1,CRITICA,Known,True,No,CWE-434,Analyzed,"Cleo Harmony, VLTrader, and LexiCom, which are managed file transfer products, contain an unrestricted file upload and download vulnerability that can lead to remote code execution with elevated privileges.",Apply mitigations per vendor instructions or discontinue use of the product if mitigations are unavailable.,https://support.cleo.com/hc/en-us/articles/28408134019735-Cleo-Product-Security-Update ; https://nvd.nist.gov/vuln/detail/CVE-2024-50623
CVE-2024-51378,CyberPersons,CyberPanel,CyberPanel Incorrect Default Permissions Vulnerability,2024-10-29,2024-12-04,2024-12-25,35,21,9.8,CRITICAL,3.1,CRITICA,Known,True,No,CWE-78,Analyzed,CyberPanel contains an incorrect default permissions vulnerability that allows for authentication bypass and the execution of arbitrary commands using shell metacharacters in the statusfile property.,Apply mitigations per vendor instructions or discontinue use of the product if mitigations are unavailable.,https://cyberpanel.net/KnowledgeBase/home/change-logs/ ; https://nvd.nist.gov/vuln/detail/CVE-2024-51378
CVE-2024-11667,Zyxel,Multiple Firewalls,Zyxel Multiple Firewalls Path Traversal Vulnerability,2024-11-27,2024-12-03,2024-12-24,5,21,9.8,CRITICAL,3.1,CRITICA,Known,True,No,CWE-22,Analyzed,Multiple Zyxel firewalls contain a path traversal vulnerability in the web management interface that could allow an attacker to download or upload files via a crafted URL.,Apply mitigations per vendor instructions or discontinue use of the product if mitigations are unavailable.,https://www.zyxel.com/global/en/support/security-advisories/zyxel-security-advisory-protecting-against-recent-firewall-threats-11-21-2024 ; https://nvd.nist.gov/vuln/detail/CVE-2024-11667
CVE-2023-28461,Array Networks ,AG/vxAG ArrayOS,Array Networks AG and vxAG ArrayOS Missing Authentication for Critical Function Vulnerability,2023-03-15,2024-11-25,2024-12-16,620,21,9.8,CRITICAL,3.1,CRITICA,Known,True,No,CWE-287|CWE-306,Analyzed,Array Networks AG and vxAG ArrayOS contain a missing authentication for critical function vulnerability that allows an attacker to read local files and execute code on the SSL VPN gateway.,Apply mitigations per vendor instructions or discontinue use of the product if mitigations are unavailable.,https://support.arraynetworks.net/prx/001/http/supportportal.arraynetworks.net/documentation/FieldNotice/Array_Networks_Security_Advisory_for_Remote_Code_Execution_Vulnerability_AG.pdf ; https://nvd.nist.gov/vuln/detail/CVE-2023-28461
CVE-2024-51567,CyberPersons,CyberPanel,CyberPanel Incorrect Default Permissions Vulnerability,2024-10-29,2024-11-07,2024-11-28,8,21,9.8,CRITICAL,3.1,CRITICA,Known,True,No,CWE-306,Analyzed,"CyberPanel contains an incorrect default permissions vulnerability that allows a remote, unauthenticated attacker to execute commands as root.",Apply mitigations per vendor instructions or discontinue use of the product if mitigations are unavailable.,https://cyberpanel.net/blog/detials-and-fix-of-recent-security-issue-and-patch-of-cyberpanel ; https://nvd.nist.gov/vuln/detail/CVE-2024-51567
CVE-2024-40711,Veeam,Backup & Replication,Veeam Backup and Replication Deserialization Vulnerability,2024-09-07,2024-10-17,2024-11-07,39,21,9.8,CRITICAL,3.1,CRITICA,Known,True,No,CWE-502,Analyzed,Veeam Backup and Replication contains a deserialization vulnerability allowing an unauthenticated user to perform remote code execution.,Apply mitigations per vendor instructions or discontinue use of the product if mitigations are unavailable.,https://www.veeam.com/kb4649 ; https://nvd.nist.gov/vuln/detail/CVE-2024-40711
CVE-2024-9680,Mozilla,Firefox,Mozilla Firefox Use-After-Free Vulnerability,2024-10-09,2024-10-15,2024-11-05,5,21,9.8,CRITICAL,3.1,CRITICA,Known,True,No,CWE-416,Analyzed,Mozilla Firefox and Firefox ESR contain a use-after-free vulnerability in Animation timelines that allows for code execution in the content process.,Apply mitigations per vendor instructions or discontinue use of the product if mitigations are unavailable.,https://www.mozilla.org/en-US/security/advisories/mfsa2024-51/ ; https://nvd.nist.gov/vuln/detail/CVE-2024-9680
CVE-2024-6670,Progress,WhatsUp Gold,Progress WhatsUp Gold SQL Injection Vulnerability,2024-08-29,2024-09-16,2024-10-07,17,21,9.8,CRITICAL,3.1,CRITICA,Known,True,No,CWE-89,Analyzed,Progress WhatsUp Gold contains a SQL injection vulnerability that allows an unauthenticated attacker to retrieve the user's encrypted password if the application is configured with only a single user.,Apply mitigations per vendor instructions or discontinue use of the product if mitigations are unavailable.,https://community.progress.com/s/article/WhatsUp-Gold-Security-Bulletin-August-2024 ; https://nvd.nist.gov/vuln/detail/CVE-2024-6670
CVE-2024-40766,SonicWall,SonicOS,SonicWall SonicOS Improper Access Control Vulnerability,2024-08-23,2024-09-09,2024-09-30,16,21,9.8,CRITICAL,3.1,CRITICA,Known,True,No,CWE-284,Analyzed,"SonicWall SonicOS contains an improper access control vulnerability that could lead to unauthorized resource access and, under certain conditions, may cause the firewall to crash.",Apply mitigations per vendor instructions or discontinue use of the product if mitigations are unavailable.,https://psirt.global.sonicwall.com/vuln-detail/SNWLID-2024-0015; https://www.sonicwall.com/support/notices/gen-7-and-newer-sonicwall-firewalls-sslvpn-recent-threat-activity/kA1VN0000000RDG0A2 ; https://nvd.nist.gov/vuln/detail/CVE-2024-40766
CVE-2024-23897,Jenkins,Jenkins Command Line Interface (CLI),Jenkins Command Line Interface (CLI) Path Traversal Vulnerability,2024-01-24,2024-08-19,2024-09-09,207,21,9.8,CRITICAL,3.1,CRITICA,Known,True,No,CWE-22|CWE-27,Analyzed,"Jenkins Command Line Interface (CLI) contains a path traversal vulnerability that allows attackers limited read access to certain files, which can lead to code execution.",Apply mitigations per vendor instructions or discontinue use of the product if mitigations are unavailable.,https://www.jenkins.io/security/advisory/2024-01-24/#SECURITY-3314; https://nvd.nist.gov/vuln/detail/CVE-2024-23897
CVE-2024-23692,Rejetto,HTTP File Server,Rejetto HTTP File Server Improper Neutralization of Special Elements Used in a Template Engine Vulnerability,2024-05-31,2024-07-09,2024-07-30,38,21,9.8,CRITICAL,3.1,CRITICA,Known,True,No,CWE-1336|CWE-94,Analyzed,"Rejetto HTTP File Server contains an improper neutralization of special elements used in a template engine vulnerability. This allows a remote, unauthenticated attacker to execute commands on the affected system by sending a specially crafted HTTP request.",Apply mitigations per vendor instructions or discontinue use of the product if mitigations are unavailable.,"The patched Rejetto HTTP File Server (HFS) is version 3: https://github.com/rejetto/hfs?tab=readme-ov-file#installation, https://www.rejetto.com/hfs/ ;   https://nvd.nist.gov/vuln/detail/CVE-2024-23692"
CVE-2024-4577,PHP Group,PHP,PHP-CGI OS Command Injection Vulnerability,2024-06-09,2024-06-12,2024-07-03,2,21,9.8,CRITICAL,3.1,CRITICA,Known,True,No,CWE-78,Analyzed,"PHP, specifically Windows-based PHP used in CGI mode, contains an OS command injection vulnerability that allows for arbitrary code execution. This vulnerability is a patch bypass for CVE-2012-1823.",Apply mitigations per vendor instructions or discontinue use of the product if mitigations are unavailable.,"This vulnerability affects a common open-source component, third-party library, or a protocol used by different products. Please check with specific vendors for information on patching status. For more information, please see:  https://www.php.net/ChangeLog-8.php#;   https://nvd.nist.gov/vuln/detail/CVE-2024-4577"
CVE-2023-43208,NextGen Healthcare,Mirth Connect,NextGen Healthcare Mirth Connect Deserialization of Untrusted Data Vulnerability,2023-10-26,2024-05-20,2024-06-10,206,21,9.8,CRITICAL,3.1,CRITICA,Known,True,No,CWE-78|CWE-502,Analyzed,NextGen Healthcare Mirth Connect contains a deserialization of untrusted data vulnerability that allows for unauthenticated remote code execution via a specially crafted request.,Apply mitigations per vendor instructions or discontinue use of the product if mitigations are unavailable.,"This vulnerability affects a common open-source component, third-party library, or a protocol used by different products. Please check with specific vendors for information on patching status.   For more information, please see: https://github.com/nextgenhealthcare/connect/wiki/4.4.1---What%27s-New ;  https://nvd.nist.gov/vuln/detail/CVE-2023-43208"
CVE-2021-44529,Ivanti,Endpoint Manager Cloud Service Appliance (EPM CSA),Ivanti Endpoint Manager Cloud Service Appliance (EPM CSA) Code Injection Vulnerability ,2021-12-08,2024-03-25,2024-04-15,837,21,9.8,CRITICAL,3.1,CRITICA,Known,True,No,CWE-94,Analyzed,Ivanti Endpoint Manager Cloud Service Appliance (EPM CSA) contains a code injection vulnerability that allows an unauthenticated user to execute malicious code with limited permissions (nobody).,Apply mitigations per vendor instructions or discontinue use of the product if mitigations are unavailable.,https://forums.ivanti.com/s/article/SA-2021-12-02?language=en_US; https://nvd.nist.gov/vuln/detail/CVE-2021-44529
CVE-2023-48788,Fortinet,FortiClient EMS,Fortinet FortiClient EMS SQL Injection Vulnerability,2024-03-12,2024-03-25,2024-04-15,12,21,9.8,CRITICAL,3.1,CRITICA,Known,True,No,CWE-89,Analyzed,Fortinet FortiClient EMS contains a SQL injection vulnerability that allows an unauthenticated attacker to execute commands as SYSTEM via specifically crafted requests.,Apply mitigations per vendor instructions or discontinue use of the product if mitigations are unavailable.,https://www.fortiguard.com/psirt/FG-IR-24-007;  https://nvd.nist.gov/vuln/detail/CVE-2023-48788
CVE-2024-27198,JetBrains,TeamCity,JetBrains TeamCity Authentication Bypass Vulnerability,2024-03-04,2024-03-07,2024-03-28,2,21,9.8,CRITICAL,3.1,CRITICA,Known,True,No,CWE-288,Analyzed,JetBrains TeamCity contains an authentication bypass vulnerability that allows an attacker to perform admin actions.,Apply mitigations per vendor instructions or discontinue use of the product if mitigations are unavailable.,https://www.jetbrains.com/help/teamcity/teamcity-2023-11-4-release-notes.html; https://blog.jetbrains.com/teamcity/2024/03/additional-critical-security-issues-affecting-teamcity-on-premises-cve-2024-27198-and-cve-2024-27199-update-to-2023-11-4-now/ ; https://nvd.nist.gov/vuln/detail/CVE-2024-27198
CVE-2024-21762,Fortinet,FortiOS,Fortinet FortiOS Out-of-Bound Write Vulnerability,2024-02-09,2024-02-09,2024-02-16,-1,7,9.8,CRITICAL,3.1,CRITICA,Known,True,No,CWE-787,Analyzed,Fortinet FortiOS contains an out-of-bound write vulnerability that allows a remote unauthenticated attacker to execute code or commands via specially crafted HTTP requests.,Apply mitigations per vendor instructions or discontinue use of the product if mitigations are unavailable.,https://fortiguard.fortinet.com/psirt/FG-IR-24-015 ;   https://nvd.nist.gov/vuln/detail/CVE-2024-21762
CVE-2023-22527,Atlassian,Confluence Data Center and Server,Atlassian Confluence Data Center and Server Template Injection Vulnerability,2024-01-16,2024-01-24,2024-02-14,7,21,9.8,CRITICAL,3.1,CRITICA,Known,True,No,CWE-74,Analyzed,Atlassian Confluence Data Center and Server contain an unauthenticated OGNL template injection vulnerability that can lead to remote code execution.,Apply mitigations per vendor instructions or discontinue use of the product if mitigations are unavailable.,https://confluence.atlassian.com/security/cve-2023-22527-rce-remote-code-execution-vulnerability-in-confluence-data-center-and-confluence-server-1333990257.html;  https://nvd.nist.gov/vuln/detail/CVE-2023-22527
CVE-2023-35082,Ivanti,Endpoint Manager Mobile (EPMM) and MobileIron Core,Ivanti Endpoint Manager Mobile (EPMM) and MobileIron Core Authentication Bypass Vulnerability,2023-08-15,2024-01-18,2024-02-08,155,21,9.8,CRITICAL,3.1,CRITICA,Known,True,No,CWE-287,Analyzed,Ivanti Endpoint Manager Mobile (EPMM) and MobileIron Core contain an authentication bypass vulnerability that allows unauthorized users to access restricted functionality or resources of the application.,Apply mitigations per vendor instructions or discontinue use of the product if mitigations are unavailable.,https://forums.ivanti.com/s/article/CVE-2023-35082-Remote-Unauthenticated-API-Access-Vulnerability-in-MobileIron-Core-11-2-and-older;  https://nvd.nist.gov/vuln/detail/CVE-2023-35082
CVE-2023-29357,Microsoft,SharePoint Server,Microsoft SharePoint Server Privilege Escalation Vulnerability,2023-06-14,2024-01-10,2024-01-31,209,21,9.8,CRITICAL,3.1,CRITICA,Known,True,No,CWE-303,Analyzed,"Microsoft SharePoint Server contains an unspecified vulnerability that allows an unauthenticated attacker, who has gained access to spoofed JWT authentication tokens, to use them for executing a network attack. This attack bypasses authentication, enabling the attacker to gain administrator privileges.",Apply mitigations per vendor instructions or discontinue use of the product if mitigations are unavailable.,https://msrc.microsoft.com/update-guide/vulnerability/CVE-2023-29357; https://nvd.nist.gov/vuln/detail/CVE-2023-29357
CVE-2023-29300,Adobe,ColdFusion,Adobe ColdFusion Deserialization of Untrusted Data Vulnerability,2023-07-12,2024-01-08,2024-01-29,179,21,9.8,CRITICAL,3.1,CRITICA,Known,True,No,CWE-502,Analyzed,Adobe ColdFusion contains a deserialization of untrusted data vulnerability that allows for code execution.,Apply mitigations per vendor instructions or discontinue use of the product if mitigations are unavailable.,https://helpx.adobe.com/security/products/coldfusion/apsb23-40.html; https://nvd.nist.gov/vuln/detail/CVE-2023-29300
CVE-2023-38203,Adobe,ColdFusion,Adobe ColdFusion Deserialization of Untrusted Data Vulnerability,2023-07-20,2024-01-08,2024-01-29,171,21,9.8,CRITICAL,3.1,CRITICA,Known,True,No,CWE-502,Analyzed,Adobe ColdFusion contains a deserialization of untrusted data vulnerability that allows for code execution.,Apply mitigations per vendor instructions or discontinue use of the product if mitigations are unavailable.,https://helpx.adobe.com/security/products/coldfusion/apsb23-41.html ;  https://nvd.nist.gov/vuln/detail/CVE-2023-38203
CVE-2023-47246,SysAid,SysAid Server,SysAid Server Path Traversal Vulnerability,2023-11-10,2023-11-13,2023-12-04,2,21,9.8,CRITICAL,3.1,CRITICA,Known,True,No,CWE-22,Analyzed,SysAid Server (on-premises version) contains a path traversal vulnerability that leads to code execution.,Apply mitigations per vendor instructions or discontinue use of the product if mitigations are unavailable.,https://www.sysaid.com/blog/service-desk/on-premise-software-security-vulnerability-notification; https://nvd.nist.gov/vuln/detail/CVE-2023-47246
CVE-2023-22518,Atlassian,Confluence Data Center and Server,Atlassian Confluence Data Center and Server Improper Authorization Vulnerability,2023-10-31,2023-11-07,2023-11-28,6,21,9.8,CRITICAL,3.1,CRITICA,Known,True,No,CWE-863,Analyzed,Atlassian Confluence Data Center and Server contain an improper authorization vulnerability that can result in significant data loss when exploited by an unauthenticated attacker. There is no impact on confidentiality since the attacker cannot exfiltrate any data.,Apply mitigations per vendor instructions or discontinue use of the product if mitigations are unavailable.,https://confluence.atlassian.com/security/cve-2023-22518-improper-authorization-vulnerability-in-confluence-data-center-and-server-1311473907.html;  https://nvd.nist.gov/vuln/detail/CVE-2023-22518
CVE-2023-46604,Apache,ActiveMQ,Apache ActiveMQ Deserialization of Untrusted Data Vulnerability,2023-10-27,2023-11-02,2023-11-23,5,21,9.8,CRITICAL,3.1,CRITICA,Known,True,No,CWE-502,Analyzed,Apache ActiveMQ contains a deserialization of untrusted data vulnerability that may allow a remote attacker with network access to a broker to run shell commands by manipulating serialized class types in the OpenWire protocol to cause the broker to instantiate any class on the classpath.,Apply mitigations per vendor instructions or discontinue use of the product if mitigations are unavailable.,https://activemq.apache.org/security-advisories.data/CVE-2023-46604-announcement.txt; https://nvd.nist.gov/vuln/detail/CVE-2023-46604
CVE-2023-46747,F5,BIG-IP Configuration Utility,F5 BIG-IP Configuration Utility Authentication Bypass Vulnerability,2023-10-26,2023-10-31,2023-11-21,4,21,9.8,CRITICAL,3.1,CRITICA,Known,True,No,CWE-288|CWE-306,Analyzed,F5 BIG-IP Configuration utility contains an authentication bypass using an alternate path or channel vulnerability due to undisclosed requests that may allow an unauthenticated attacker with network access to the BIG-IP system through the management port and/or self IP addresses to execute system commands. This vulnerability can be used in conjunction with CVE-2023-46748.,Apply mitigations per vendor instructions or discontinue use of the product if mitigations are unavailable.,https://my.f5.com/manage/s/article/K000137353;   https://nvd.nist.gov/vuln/detail/CVE-2023-46747
CVE-2023-22515,Atlassian,Confluence Data Center and Server,Atlassian Confluence Data Center and Server Broken Access Control Vulnerability,2023-10-04,2023-10-05,2023-10-13,0,8,9.8,CRITICAL,3.1,CRITICA,Known,True,No,CWE-20,Analyzed,Atlassian Confluence Data Center and Server contains a broken access control vulnerability that allows an attacker to create unauthorized Confluence administrator accounts and access Confluence.,Apply mitigations per vendor instructions or discontinue use of the product if mitigations are unavailable. Check all affected Confluence instances for evidence of compromise per vendor instructions and report any positive findings to CISA.,https://confluence.atlassian.com/security/cve-2023-22515-privilege-escalation-vulnerability-in-confluence-data-center-and-server-1295682276.html;  https://nvd.nist.gov/vuln/detail/CVE-2023-22515
CVE-2023-42793,JetBrains,TeamCity,JetBrains TeamCity Authentication Bypass Vulnerability,2023-09-19,2023-10-04,2023-10-25,14,21,9.8,CRITICAL,3.1,CRITICA,Known,True,No,CWE-288|CWE-306,Analyzed,JetBrains TeamCity contains an authentication bypass vulnerability that allows for remote code execution on TeamCity Server.,Apply mitigations per vendor instructions or discontinue use of the product if mitigations are unavailable.,https://blog.jetbrains.com/teamcity/2023/09/critical-security-issue-affecting-teamcity-on-premises-update-to-2023-05-4-now/ ;  https://nvd.nist.gov/vuln/detail/CVE-2023-42793
CVE-2021-3129,Laravel,Ignition,Laravel Ignition File Upload Vulnerability,2021-01-12,2023-09-18,2023-10-09,978,21,9.8,CRITICAL,3.1,CRITICA,Known,True,No,,Analyzed,Laravel Ignition contains a file upload vulnerability that allows unauthenticated remote attackers to execute malicious code due to insecure usage of file_get_contents() and file_put_contents().,Apply mitigations per vendor instructions or discontinue use of the product if mitigations are unavailable.,https://github.com/facade/ignition/releases/tag/2.5.2; https://nvd.nist.gov/vuln/detail/CVE-2021-3129
CVE-2023-38035,Ivanti,Sentry,Ivanti Sentry Authentication Bypass Vulnerability,2023-08-21,2023-08-22,2023-09-12,0,21,9.8,CRITICAL,3.1,CRITICA,Known,True,No,CWE-863,Analyzed,"Ivanti Sentry, formerly known as MobileIron Sentry, contains an authentication bypass vulnerability that may allow an attacker to bypass authentication controls on the administrative interface due to an insufficiently restrictive Apache HTTPD configuration.",Apply mitigations per vendor instructions or discontinue use of the product if mitigations are unavailable.,https://forums.ivanti.com/s/article/CVE-2023-38035-API-Authentication-Bypass-on-Sentry-Administrator-Interface?language=en_US ;  https://nvd.nist.gov/vuln/detail/CVE-2023-38035
CVE-2023-35078,Ivanti,Endpoint Manager Mobile (EPMM),Ivanti Endpoint Manager Mobile Authentication Bypass Vulnerability,2023-07-25,2023-07-25,2023-08-15,-1,21,9.8,CRITICAL,3.1,CRITICA,Known,True,No,CWE-287,Analyzed,"Ivanti Endpoint Manager Mobile (EPMM, previously branded MobileIron Core) contains an authentication bypass vulnerability that allows unauthenticated access to specific API paths. An attacker with access to these API paths can access personally identifiable information (PII) such as names, phone numbers, and other mobile device details for users on a vulnerable system. An attacker can also make other configuration changes including installing software and modifying security profiles on registered devices.",Apply mitigations per vendor instructions or discontinue use of the product if mitigations are unavailable.,https://forums.ivanti.com/s/article/CVE-2023-35078-Remote-unauthenticated-API-access-vulnerability?language=en_US;  https://nvd.nist.gov/vuln/detail/CVE-2023-35078
CVE-2023-3519,Citrix,NetScaler ADC and NetScaler Gateway,Citrix NetScaler ADC and NetScaler Gateway Code Injection Vulnerability,2023-07-19,2023-07-19,2023-08-09,-1,21,9.8,CRITICAL,3.1,CRITICA,Known,True,No,CWE-94,Analyzed,Citrix NetScaler ADC and NetScaler Gateway contains a code injection vulnerability that allows for unauthenticated remote code execution.,Apply mitigations per vendor instructions or discontinue use of the product if mitigations are unavailable.,https://support.citrix.com/article/CTX561482/citrix-adc-and-citrix-gateway-security-bulletin-for-cve20233519-cve20233466-cve20233467;  https://nvd.nist.gov/vuln/detail/CVE-2023-3519
CVE-2022-31199,Netwrix,Auditor,Netwrix Auditor Insecure Object Deserialization Vulnerability,2022-11-08,2023-07-11,2023-08-01,244,21,9.8,CRITICAL,3.1,CRITICA,Known,True,No,CWE-502,Analyzed,"Netwrix Auditor User Activity Video Recording component contains an insecure objection deserialization vulnerability that allows an unauthenticated, remote attacker to execute code as the NT AUTHORITY\SYSTEM user. Successful exploitation requires that the attacker is able to reach port 9004/TCP, which is commonly blocked by standard enterprise firewalling.",Apply updates per vendor instructions or discontinue use of the product if updates are unavailable.,Patch application requires login to customer portal: https://security.netwrix.com/Account/SignIn?ReturnUrl=%2FAdvisories%2FADV-2022-003;  https://nvd.nist.gov/vuln/detail/CVE-2022-31199
CVE-2023-27997,Fortinet,FortiOS and FortiProxy SSL-VPN,Fortinet FortiOS and FortiProxy SSL-VPN Heap-Based Buffer Overflow Vulnerability,2023-06-13,2023-06-13,2023-07-04,-1,21,9.8,CRITICAL,3.1,CRITICA,Known,True,No,CWE-122|CWE-787,Analyzed,"Fortinet FortiOS and FortiProxy SSL-VPN contain a heap-based buffer overflow vulnerability which can allow an unauthenticated, remote attacker to execute code or commands via specifically crafted requests.",Apply updates per vendor instructions.,https://www.fortiguard.com/psirt/FG-IR-23-097;  https://nvd.nist.gov/vuln/detail/CVE-2023-27997
CVE-2023-34362,Progress,MOVEit Transfer,Progress MOVEit Transfer SQL Injection Vulnerability,2023-06-02,2023-06-02,2023-06-23,-1,21,9.8,CRITICAL,3.1,CRITICA,Known,True,No,CWE-89,Analyzed,"Progress MOVEit Transfer contains a SQL injection vulnerability that could allow an unauthenticated attacker to gain unauthorized access to MOVEit Transfer's database. Depending on the database engine being used (MySQL, Microsoft SQL Server, or Azure SQL), an attacker may be able to infer information about the structure and contents of the database in addition to executing SQL statements that alter or delete database elements.",Apply updates per vendor instructions.,This CVE has a CISA AA located here: https://www.cisa.gov/news-events/cybersecurity-advisories/aa23-158a. Please see the AA for associated IOCs. Additional information is available at: https://community.progress.com/s/article/MOVEit-Transfer-Critical-Vulnerability-31May2023.;  https://nvd.nist.gov/vuln/detail/CVE-2023-34362
CVE-2023-27350,PaperCut,MF/NG,PaperCut MF/NG Improper Access Control Vulnerability,2023-04-20,2023-04-21,2023-05-12,0,21,9.8,CRITICAL,3.1,CRITICA,Known,True,No,CWE-284,Analyzed,PaperCut MF/NG contains an improper access control vulnerability within the SetupCompleted class that allows authentication bypass and code execution in the context of system.,Apply updates per vendor instructions.,https://www.papercut.com/kb/Main/PO-1216-and-PO-1219;  https://nvd.nist.gov/vuln/detail/CVE-2023-27350
CVE-2021-27877,Veritas,Backup Exec Agent,Veritas Backup Exec Agent Improper Authentication Vulnerability,2021-03-01,2023-04-07,2023-04-28,766,21,9.8,CRITICAL,3.1,CRITICA,Known,True,No,CWE-287,Analyzed,Veritas Backup Exec (BE) Agent contains an improper authentication vulnerability that could allow an attacker unauthorized access to the BE Agent via SHA authentication scheme.,Apply updates per vendor instructions.,https://www.veritas.com/support/en_US/security/VTS21-001; https://nvd.nist.gov/vuln/detail/CVE-2021-27877
CVE-2017-7494,Samba,Samba,Samba Remote Code Execution Vulnerability,2017-05-30,2023-03-30,2023-04-20,2129,21,9.8,CRITICAL,3.1,CRITICA,Known,True,No,CWE-94,Analyzed,"Samba contains a remote code execution vulnerability, allowing a malicious client to upload a shared library to a writable share and then cause the server to load and execute it.",Apply updates per vendor instructions.,https://www.samba.org/samba/security/CVE-2017-7494.html; https://nvd.nist.gov/vuln/detail/CVE-2017-7494
CVE-2022-47986,IBM,Aspera Faspex,IBM Aspera Faspex Code Execution Vulnerability,2023-02-17,2023-02-21,2023-03-14,3,21,9.8,CRITICAL,3.1,CRITICA,Known,True,No,CWE-502,Analyzed,"IBM Aspera Faspex could allow a remote attacker to execute code on the system, caused by a YAML deserialization flaw.",Apply updates per vendor instructions.,https://exchange.xforce.ibmcloud.com/vulnerabilities/243512?_ga=2.189195179.1800390251.1676559338-700333034.1676325890;  https://nvd.nist.gov/vuln/detail/CVE-2022-47986
CVE-2022-21587,Oracle,E-Business Suite,Oracle E-Business Suite Unspecified Vulnerability,2022-10-18,2023-02-02,2023-02-23,106,21,9.8,CRITICAL,3.1,CRITICA,Known,True,No,CWE-306,Analyzed,Oracle E-Business Suite contains an unspecified vulnerability that allows an unauthenticated attacker with network access via HTTP to compromise Oracle Web Applications Desktop Integrator.,Apply updates per vendor instructions.,https://www.oracle.com/security-alerts/cpuoct2022.html;  https://nvd.nist.gov/vuln/detail/CVE-2022-21587
CVE-2017-11357,Telerik,User Interface (UI) for ASP.NET AJAX,Telerik UI for ASP.NET AJAX Insecure Direct Object Reference Vulnerability,2017-08-23,2023-01-26,2023-02-16,1981,21,9.8,CRITICAL,3.1,CRITICA,Known,True,No,CWE-434,Analyzed,Telerik UI for ASP.NET AJAX contains an insecure direct object reference vulnerability in RadAsyncUpload that can result in file uploads in a limited location and/or remote code execution.,Apply updates per vendor instructions.,https://docs.telerik.com/devtools/aspnet-ajax/knowledge-base/asyncupload-insecure-direct-object-reference; https://nvd.nist.gov/vuln/detail/CVE-2017-11357
CVE-2022-47966,Zoho,ManageEngine,Zoho ManageEngine Multiple Products Remote Code Execution Vulnerability,2023-01-18,2023-01-23,2023-02-13,4,21,9.8,CRITICAL,3.1,CRITICA,Known,True,No,CWE-20,Analyzed,"Multiple Zoho ManageEngine products contain an unauthenticated remote code execution vulnerability due to the usage of an outdated third-party dependency, Apache Santuario.",Apply updates per vendor instructions.,https://www.manageengine.com/security/advisory/CVE/cve-2022-47966.html;  https://nvd.nist.gov/vuln/detail/CVE-2022-47966
CVE-2022-26501,Veeam,Backup & Replication,Veeam Backup & Replication Remote Code Execution Vulnerability,2022-03-17,2022-12-13,2023-01-03,270,21,9.8,CRITICAL,3.1,CRITICA,Known,True,No,CWE-306,Analyzed,The Veeam Distribution Service in the Backup & Replication application allows unauthenticated users to access internal API functions. A remote attacker can send input to the internal API which may lead to uploading and executing of malicious code.,Apply updates per vendor instructions.,https://www.veeam.com/kb4288;  https://nvd.nist.gov/vuln/detail/CVE-2022-26501
CVE-2022-42475,Fortinet,FortiOS,Fortinet FortiOS Heap-Based Buffer Overflow Vulnerability,2023-01-02,2022-12-13,2023-01-03,-21,21,9.8,CRITICAL,3.1,CRITICA,Known,True,No,CWE-197|CWE-787,Analyzed,"Multiple versions of Fortinet FortiOS SSL-VPN contain a heap-based buffer overflow vulnerability which can allow an unauthenticated, remote attacker to execute arbitrary code or commands via specifically crafted requests.",Apply updates per vendor instructions.,https://www.fortiguard.com/psirt/FG-IR-22-398;  https://nvd.nist.gov/vuln/detail/CVE-2022-42475
CVE-2018-19323,GIGABYTE,Multiple Products,GIGABYTE Multiple Products Privilege Escalation Vulnerability,2018-12-21,2022-10-24,2022-11-14,1402,21,9.8,CRITICAL,3.1,CRITICA,Known,True,No,,Analyzed,"The GPCIDrv and GDrv low-level drivers in GIGABYTE App Center, AORUS Graphics Engine, XTREME Gaming Engine, and OC GURU expose functionality to read and write arbitrary physical memory. This could be leveraged by a local attacker to elevate privileges.",Apply updates per vendor instructions.,https://www.gigabyte.com/Support/Security/1801; https://nvd.nist.gov/vuln/detail/CVE-2018-19323
CVE-2022-41352,Synacor,Zimbra Collaboration Suite (ZCS),Synacor Zimbra Collaboration Suite (ZCS) Arbitrary File Upload Vulnerability,2022-09-26,2022-10-20,2022-11-10,23,21,9.8,CRITICAL,3.1,CRITICA,Known,True,No,CWE-22,Analyzed,Synacor Zimbra Collaboration Suite (ZCS) allows an attacker to upload arbitrary files using cpio package to gain incorrect access to any other user accounts.,Apply updates per vendor instructions.,https://wiki.zimbra.com/wiki/Security_Center;  https://nvd.nist.gov/vuln/detail/CVE-2022-41352
CVE-2022-40684,Fortinet,Multiple Products,Fortinet Multiple Products Authentication Bypass Vulnerability,2022-10-18,2022-10-11,2022-11-01,-8,21,9.8,CRITICAL,3.1,CRITICA,Known,True,No,CWE-287,Analyzed,"Fortinet FortiOS, FortiProxy, and FortiSwitchManager contain an authentication bypass vulnerability that could allow an unauthenticated attacker to perform operations on the administrative interface via specially crafted HTTP or HTTPS requests.",Apply updates per vendor instructions.,https://www.fortiguard.com/psirt/FG-IR-22-377;  https://nvd.nist.gov/vuln/detail/CVE-2022-40684
CVE-2018-6530,D-Link,Multiple Routers,D-Link Multiple Routers OS Command Injection Vulnerability,2018-03-06,2022-09-08,2022-09-29,1646,21,9.8,CRITICAL,3.1,CRITICA,Known,True,No,CWE-78,Analyzed,Multiple D-Link routers contain an unspecified vulnerability that allows for execution of OS commands.,"The vendor D-Link published an advisory stating the fix under CVE-2018-20114 properly patches KEV entry CVE-2018-6530. If the device is still supported, apply updates per vendor instructions. If the affected device has since entered its end-of-life, it should be disconnected if still in use.",https://supportannouncement.us.dlink.com/announcement/publication.aspx?name=SAP10105; https://nvd.nist.gov/vuln/detail/CVE-2018-6530
CVE-2022-26352,dotCMS,dotCMS,dotCMS Unrestricted Upload of File Vulnerability,2022-07-17,2022-08-25,2022-09-15,38,21,9.8,CRITICAL,3.1,CRITICA,Known,True,No,CWE-22|CWE-138,Analyzed,"dotCMS ContentResource API contains an unrestricted upload of file with a dangerous type vulnerability that allows for directory traversal, in which the file is saved outside of the intended storage location. Exploitation allows for remote code execution.",Apply updates per vendor instructions.,https://www.dotcms.com/security/SI-62;  https://nvd.nist.gov/vuln/detail/CVE-2022-26352
CVE-2022-37042,Synacor,Zimbra Collaboration Suite (ZCS),Synacor Zimbra Collaboration Suite (ZCS) Authentication Bypass Vulnerability,2022-08-12,2022-08-11,2022-09-01,-2,21,9.8,CRITICAL,3.1,CRITICA,Known,True,No,CWE-22,Analyzed,Synacor Zimbra Collaboration Suite (ZCS) contains an authentication bypass vulnerability in MailboxImportServlet. This vulnerability was chained with CVE-2022-27925 which allows for unauthenticated remote code execution.,Apply updates per vendor instructions.,https://blog.zimbra.com/2022/08/authentication-bypass-in-mailboximportservlet-vulnerability/;  https://nvd.nist.gov/vuln/detail/CVE-2022-37042
CVE-2022-29499,Mitel,MiVoice Connect,Mitel MiVoice Connect Data Validation Vulnerability,2022-04-26,2022-06-27,2022-07-18,61,21,9.8,CRITICAL,3.1,CRITICA,Known,True,No,CWE-20,Analyzed,The Service Appliance component in Mitel MiVoice Connect allows remote code execution due to incorrect data validation.,Apply updates per vendor instructions.,https://nvd.nist.gov/vuln/detail/CVE-2022-29499
CVE-2019-7192,QNAP,Photo Station,QNAP Photo Station Improper Access Control Vulnerability,2019-12-05,2022-06-08,2022-06-22,915,14,9.8,CRITICAL,3.1,CRITICA,Known,True,No,CWE-863,Analyzed,QNAP NAS devices running Photo Station contain an improper access control vulnerability allowing remote attackers to gain unauthorized access to the system.,Apply updates per vendor instructions.,https://nvd.nist.gov/vuln/detail/CVE-2019-7192
CVE-2019-7193,QNAP,QTS,QNAP QTS Improper Input Validation Vulnerability,2019-12-05,2022-06-08,2022-06-22,915,14,9.8,CRITICAL,3.1,CRITICA,Known,True,No,CWE-20,Analyzed,QNAP QTS contains an improper input validation vulnerability allowing remote attackers to inject code on the system.,Apply updates per vendor instructions.,https://nvd.nist.gov/vuln/detail/CVE-2019-7193
CVE-2019-7194,QNAP,Photo Station,QNAP Photo Station Path Traversal Vulnerability,2019-12-05,2022-06-08,2022-06-22,915,14,9.8,CRITICAL,3.1,CRITICA,Known,True,No,CWE-22,Analyzed,QNAP devices running Photo Station contain an external control of file name or path vulnerability allowing remote attackers to access or modify system files.,Apply updates per vendor instructions.,https://nvd.nist.gov/vuln/detail/CVE-2019-7194
CVE-2019-7195,QNAP,Photo Station,QNAP Photo Station Path Traversal Vulnerability,2019-12-05,2022-06-08,2022-06-22,915,14,9.8,CRITICAL,3.1,CRITICA,Known,True,No,CWE-22,Analyzed,QNAP devices running Photo Station contain an external control of file name or path vulnerability allowing remote attackers to access or modify system files.,Apply updates per vendor instructions.,https://nvd.nist.gov/vuln/detail/CVE-2019-7195
CVE-2022-26134,Atlassian,Confluence Server/Data Center,Atlassian Confluence Server and Data Center Remote Code Execution Vulnerability,2022-06-03,2022-06-02,2022-06-06,-2,4,9.8,CRITICAL,3.1,CRITICA,Known,True,No,CWE-917,Analyzed,Atlassian Confluence Server and Data Center contain a remote code execution vulnerability that allows for an unauthenticated attacker to perform remote code execution.,"Immediately block all internet traffic to and from affected products AND apply the update per vendor instructions [https://confluence.atlassian.com/doc/confluence-security-advisory-2022-06-02-1130377146.html] OR remove the affected products by the due date on the right. Note: Once the update is successfully deployed, agencies can reassess the internet blocking rules.",https://nvd.nist.gov/vuln/detail/CVE-2022-26134
CVE-2012-1710,Oracle,Fusion Middleware,Oracle Fusion Middleware Unspecified Vulnerability,2012-05-03,2022-05-25,2022-06-15,3673,21,9.8,CRITICAL,3.1,CRITICA,Known,True,No,,Analyzed,"Unspecified vulnerability in the Oracle WebCenter Forms Recognition component in Oracle Fusion Middleware allows remote attackers to affect confidentiality, integrity, and availability via Unknown vectors related to Designer.",Apply updates per vendor instructions.,https://nvd.nist.gov/vuln/detail/CVE-2012-1710
CVE-2013-0422,Oracle,Java Runtime Environment (JRE),Oracle JRE Remote Code Execution Vulnerability,2013-01-10,2022-05-25,2022-06-15,3421,21,9.8,CRITICAL,3.1,CRITICA,Known,True,No,CWE-284,Analyzed,A vulnerability in the way Java restricts the permissions of Java applets could allow an attacker to execute commands on a vulnerable system.,Apply updates per vendor instructions.,https://nvd.nist.gov/vuln/detail/CVE-2013-0422
CVE-2017-18362,Kaseya,Virtual System/Server Administrator (VSA),Kaseya VSA SQL Injection Vulnerability,2019-02-05,2022-05-24,2022-06-14,1203,21,9.8,CRITICAL,3.1,CRITICA,Known,True,No,CWE-89,Analyzed,ConnectWise ManagedITSync integration for Kaseya VSA is vulnerable to unauthenticated remote commands that allow full direct access to the Kaseya VSA database.,The impacted product is end-of-life and should be disconnected if still in use.,https://nvd.nist.gov/vuln/detail/CVE-2017-18362
CVE-2018-19949,QNAP,Network Attached Storage (NAS),QNAP NAS File Station Command Injection Vulnerability,2020-10-28,2022-05-24,2022-06-14,572,21,9.8,CRITICAL,3.1,CRITICA,Known,True,No,CWE-20|CWE-77|CWE-78,Analyzed,A command injection vulnerability affecting QNAP NAS File Station could allow remote attackers to run commands.,Apply updates per vendor instructions.,https://nvd.nist.gov/vuln/detail/CVE-2018-19949
CVE-2022-1388,F5,BIG-IP,F5 BIG-IP Missing Authentication Vulnerability,2022-05-05,2022-05-10,2022-05-31,4,21,9.8,CRITICAL,3.1,CRITICA,Known,True,No,CWE-306,Analyzed,"F5 BIG-IP contains a missing authentication in critical function vulnerability which can allow for remote code execution, creation or deletion of files, or disabling services.",Apply updates per vendor instructions.,https://nvd.nist.gov/vuln/detail/CVE-2022-1388
CVE-2022-29464,WSO2,Multiple Products,WSO2 Multiple Products Unrestrictive Upload of File Vulnerability,2022-04-18,2022-04-25,2022-05-16,6,21,9.8,CRITICAL,3.1,CRITICA,Known,True,No,CWE-22,Analyzed,"Multiple WSO2 products allow for unrestricted file upload, resulting in remote code execution.",Apply updates per vendor instructions.,https://nvd.nist.gov/vuln/detail/CVE-2022-29464
CVE-2019-16057,D-Link,DNS-320 Storage Device,D-Link DNS-320 Remote Code Execution Vulnerability,2019-09-16,2022-04-15,2022-05-06,941,21,9.8,CRITICAL,3.1,CRITICA,Known,True,No,CWE-78,Analyzed,The login_mgr.cgi script in D-Link DNS-320 is vulnerable to remote code execution.,The impacted product is end-of-life and should be disconnected if still in use.,https://nvd.nist.gov/vuln/detail/CVE-2019-16057
CVE-2022-22954,VMware,Workspace ONE Access and Identity Manager,VMware Workspace ONE Access and Identity Manager Server-Side Template Injection Vulnerability,2022-04-11,2022-04-14,2022-05-05,2,21,9.8,CRITICAL,3.1,CRITICA,Known,True,No,CWE-94,Analyzed,VMware Workspace ONE Access and Identity Manager allow for remote code execution due to server-side template injection.,Apply updates per vendor instructions.,https://nvd.nist.gov/vuln/detail/CVE-2022-22954
CVE-2018-20753,Kaseya,Virtual System/Server Administrator (VSA),Kaseya VSA Remote Code Execution Vulnerability,2019-02-05,2022-04-13,2022-05-04,1162,21,9.8,CRITICAL,3.1,CRITICA,Known,True,No,,Analyzed,Kaseya VSA RMM allows unprivileged remote attackers to execute PowerShell payloads on all managed devices.,Apply updates per vendor instructions.,https://nvd.nist.gov/vuln/detail/CVE-2018-20753
CVE-2018-7602,Drupal,Core,Drupal Core Remote Code Execution Vulnerability,2018-07-19,2022-04-13,2022-05-04,1363,21,9.8,CRITICAL,3.1,CRITICA,Known,True,No,CWE-94,Analyzed,A remote code execution vulnerability exists within multiple subsystems of Drupal that can allow attackers to exploit multiple attack vectors on a Drupal site.,Apply updates per vendor instructions.,https://nvd.nist.gov/vuln/detail/CVE-2018-7602
CVE-2018-10562,Dasan,Gigabit Passive Optical Network (GPON) Routers,Dasan GPON Routers Command Injection Vulnerability,2018-05-04,2022-03-31,2022-04-21,1426,21,9.8,CRITICAL,3.1,CRITICA,Known,True,No,CWE-78,Analyzed,"Dasan GPON Routers contain an authentication bypass vulnerability. When combined with CVE-2018-10561, exploitation can allow an attacker to perform remote code execution.",The impacted product is end-of-life and should be disconnected if still in use.,https://nvd.nist.gov/vuln/detail/CVE-2018-10562
CVE-2021-28799,QNAP,Network Attached Storage (NAS),QNAP NAS Improper Authorization Vulnerability,2021-05-13,2022-03-31,2022-04-21,321,21,9.8,CRITICAL,3.1,CRITICA,Known,True,No,CWE-285,Analyzed,QNAP NAS running HBS 3 contains an improper authorization vulnerability which can allow remote attackers to log in to a device.,Apply updates per vendor instructions.,https://nvd.nist.gov/vuln/detail/CVE-2021-28799
CVE-2013-2465,Oracle,Java SE,Oracle Java SE Unspecified Vulnerability,2013-06-18,2022-03-28,2022-04-18,3204,21,9.8,CRITICAL,3.1,CRITICA,Known,True,No,CWE-693,Analyzed,"Unspecified vulnerability in the Java Runtime Environment (JRE) component in Oracle Java SE allows remote attackers to affect confidentiality, integrity, and availability via Unknown vectors related to 2D",Apply updates per vendor instructions.,https://nvd.nist.gov/vuln/detail/CVE-2013-2465
CVE-2021-20028,SonicWall,Secure Remote Access (SRA),SonicWall Secure Remote Access (SRA) SQL Injection Vulnerability,2021-08-04,2022-03-28,2022-04-18,235,21,9.8,CRITICAL,3.1,CRITICA,Known,True,No,CWE-89,Analyzed,SonicWall Secure Remote Access (SRA) products contain an improper neutralization of a SQL Command leading to SQL injection.,The impacted product is end-of-life and should be disconnected if still in use.,https://nvd.nist.gov/vuln/detail/CVE-2021-20028
CVE-2010-2861,Adobe,ColdFusion,Adobe ColdFusion Directory Traversal Vulnerability,2010-08-11,2022-03-25,2022-04-15,4243,21,9.8,CRITICAL,3.1,CRITICA,Known,True,No,CWE-22,Analyzed,A directory traversal vulnerability exists in the administrator console in Adobe ColdFusion which allows remote attackers to read arbitrary files.,Apply updates per vendor instructions.,https://nvd.nist.gov/vuln/detail/CVE-2010-2861
CVE-2018-11138,Quest,KACE System Management Appliance,Quest KACE System Management Appliance Remote Command Execution Vulnerability,2018-05-31,2022-03-25,2022-04-15,1393,21,9.8,CRITICAL,3.1,CRITICA,Known,True,No,CWE-78,Analyzed,The '/common/download_agent_installer.php' script in the Quest KACE System Management Appliance is accessible by anonymous users and can be abused to perform remote code execution.,Apply updates per vendor instructions.,https://nvd.nist.gov/vuln/detail/CVE-2018-11138
CVE-2018-1273,VMware Tanzu,Spring Data Commons,VMware Tanzu Spring Data Commons Property Binder Vulnerability,2018-04-11,2022-03-25,2022-04-15,1443,21,9.8,CRITICAL,3.1,CRITICA,Known,True,No,CWE-94,Analyzed,Spring Data Commons contains a property binder vulnerability which can allow an attacker to perform remote code execution.,Apply updates per vendor instructions.,https://nvd.nist.gov/vuln/detail/CVE-2018-1273
CVE-2019-11043,PHP,FastCGI Process Manager (FPM),PHP FastCGI Process Manager (FPM) Buffer Overflow Vulnerability,2019-10-28,2022-03-25,2022-04-15,878,21,9.8,CRITICAL,3.1,CRITICA,Known,True,No,CWE-120|CWE-787,Analyzed,"In some versions of PHP in certain configurations of FPM setup, it is possible to cause FPM module to write past allocated buffers allowing the possibility of remote code execution.",Apply updates per vendor instructions.,https://nvd.nist.gov/vuln/detail/CVE-2019-11043
CVE-2019-15107,Webmin,Webmin,Webmin Command Injection Vulnerability,2019-08-16,2022-03-25,2022-04-15,951,21,9.8,CRITICAL,3.1,CRITICA,Known,True,No,CWE-78,Analyzed,An issue was discovered in Webmin. The parameter old in password_change.cgi contains a command injection vulnerability.,Apply updates per vendor instructions.,https://nvd.nist.gov/vuln/detail/CVE-2019-15107
CVE-2021-22941,Citrix,ShareFile,Citrix ShareFile Improper Access Control Vulnerability,2021-09-23,2022-03-25,2022-04-15,182,21,9.8,CRITICAL,3.1,CRITICA,Known,True,No,CWE-284,Analyzed,Improper Access Control in Citrix ShareFile storage zones controller may allow an unauthenticated attacker to remotely compromise the storage zones controller.,Apply updates per vendor instructions.,https://nvd.nist.gov/vuln/detail/CVE-2021-22941
CVE-2021-42237,Sitecore,XP,Sitecore XP Remote Command Execution Vulnerability,2021-11-05,2022-03-25,2022-04-15,139,21,9.8,CRITICAL,3.1,CRITICA,Known,True,No,CWE-502,Analyzed,Sitcore XP contains an insecure deserialization vulnerability which can allow for remote code execution.,Apply updates per vendor instructions.,https://nvd.nist.gov/vuln/detail/CVE-2021-42237
CVE-2020-5135,SonicWall,SonicOS,SonicWall SonicOS Buffer Overflow Vulnerability,2020-10-12,2022-03-15,2022-04-05,518,21,9.8,CRITICAL,3.1,CRITICA,Known,True,No,CWE-120,Analyzed,A buffer overflow vulnerability in SonicOS allows a remote attacker to cause Denial of Service (DoS) and potentially execute arbitrary code by sending a malicious request to the firewall.,Apply updates per vendor instructions.,https://nvd.nist.gov/vuln/detail/CVE-2020-5135
CVE-2012-0507,Oracle,Java SE,Oracle Java SE Runtime Environment (JRE) Arbitrary Code Execution Vulnerability,2012-06-07,2022-03-03,2022-03-24,3555,21,9.8,CRITICAL,3.1,CRITICA,Known,True,No,CWE-843,Analyzed,An incorrect type vulnerability exists in the Concurrency component of Oracle's Java Runtime Environment allows an attacker to remotely execute arbitrary code.,Apply updates per vendor instructions.,https://nvd.nist.gov/vuln/detail/CVE-2012-0507
CVE-2012-1723,Oracle,Java SE,Oracle Java SE Runtime Environment (JRE) Arbitrary Code Execution Vulnerability,2012-06-16,2022-03-03,2022-03-24,3546,21,9.8,CRITICAL,3.1,CRITICA,Known,True,No,CWE-284,Analyzed,"Unspecified vulnerability in the Java Runtime Environment (JRE) component in Oracle Java SE allows remote attackers to affect confidentiality, integrity, and availability via Unknown vectors related to Hotspot.",Apply updates per vendor instructions.,https://nvd.nist.gov/vuln/detail/CVE-2012-1723
CVE-2012-4681,Oracle,Java SE,Oracle Java SE Runtime Environment (JRE) Arbitrary Code Execution Vulnerability,2012-08-28,2022-03-03,2022-03-24,3473,21,9.8,CRITICAL,3.1,CRITICA,Known,True,No,CWE-284,Analyzed,The Java Runtime Environment (JRE) component in Oracle Java SE allow for remote code execution.,Apply updates per vendor instructions.,https://nvd.nist.gov/vuln/detail/CVE-2012-4681
CVE-2016-1019,Adobe,Flash Player,Adobe Flash Player Arbitrary Code Execution Vulnerability,2016-04-07,2022-03-03,2022-03-24,2155,21,9.8,CRITICAL,3.1,CRITICA,Known,True,No,,Analyzed,Adobe Flash Player allows remote attackers to cause a denial of service or possibly execute arbitrary code.,The impacted product is end-of-life and should be disconnected if still in use.,https://nvd.nist.gov/vuln/detail/CVE-2016-1019
CVE-2016-4117,Adobe,Flash Player,Adobe Flash Player Arbitrary Code Execution Vulnerability,2016-05-11,2022-03-03,2022-03-24,2121,21,9.8,CRITICAL,3.1,CRITICA,Known,True,No,,Analyzed,An access of resource using incompatible type vulnerability exists within Adobe Flash Player that allows an attacker to perform remote code execution.,The impacted product is end-of-life and should be disconnected if still in use.,https://nvd.nist.gov/vuln/detail/CVE-2016-4117
CVE-2021-20038,SonicWall,SMA 100 Appliances,SonicWall SMA 100 Appliances Stack-Based Buffer Overflow Vulnerability,2021-12-08,2022-01-28,2022-02-11,50,14,9.8,CRITICAL,3.1,CRITICA,Known,True,No,CWE-121|CWE-787,Analyzed,SonicWall SMA 100 devies are vulnerable to an unauthenticated stack-based buffer overflow vulnerability where exploitation can result in code execution.,Apply updates per vendor instructions.,https://nvd.nist.gov/vuln/detail/CVE-2021-20038
CVE-2019-2725,Oracle,WebLogic Server,"Oracle WebLogic Server, Injection",2019-04-26,2022-01-10,2022-07-10,989,181,9.8,CRITICAL,3.1,CRITICA,Known,True,No,CWE-74,Analyzed,Injection vulnerability in the Oracle WebLogic Server component of Oracle Fusion Middleware (subcomponent: Web Services).,Apply updates per vendor instructions.,https://nvd.nist.gov/vuln/detail/CVE-2019-2725
CVE-2017-12149,Red Hat,JBoss Application Server,Red Hat JBoss Application Server Remote Code Execution Vulnerability,2017-10-04,2021-12-10,2022-06-10,1527,182,9.8,CRITICAL,3.1,CRITICA,Known,True,No,CWE-502,Analyzed,"The JBoss Application Server, shipped with Red Hat Enterprise Application Platform 5.2, allows an attacker to execute arbitrary code via crafted serialized data.",Apply updates per vendor instructions.,https://nvd.nist.gov/vuln/detail/CVE-2017-12149
CVE-2017-5638,Apache,Struts,Apache Struts Remote Code Execution Vulnerability,2017-03-11,2021-11-03,2022-05-03,1697,181,9.8,CRITICAL,3.1,CRITICA,Known,True,No,CWE-755,Analyzed,"Apache Struts Jakarta Multipart parser allows for malicious file upload using the Content-Type value, leading to remote code execution.",Apply updates per vendor instructions.,https://nvd.nist.gov/vuln/detail/CVE-2017-5638
CVE-2018-13379,Fortinet,FortiOS,Fortinet FortiOS SSL VPN Path Traversal Vulnerability,2019-06-04,2021-11-03,2022-05-03,882,181,9.8,CRITICAL,3.1,CRITICA,Known,True,No,CWE-22,Analyzed,Fortinet FortiOS SSL VPN web portal contains a path traversal vulnerability that may allow an unauthenticated attacker to download FortiOS system files through specially crafted HTTP resource requests.,Apply updates per vendor instructions.,https://nvd.nist.gov/vuln/detail/CVE-2018-13379
CVE-2018-6789,Exim,Exim,Exim Buffer Overflow Vulnerability,2018-02-08,2021-11-03,2022-05-03,1363,181,9.8,CRITICAL,3.1,CRITICA,Known,True,No,CWE-120,Analyzed,Exim contains a buffer overflow vulnerability in the base64d function part of the SMTP listener that may allow for remote code execution.,Apply updates per vendor instructions.,https://nvd.nist.gov/vuln/detail/CVE-2018-6789
CVE-2018-7600,Drupal,Drupal Core,Drupal Core Remote Code Execution Vulnerability,2018-03-29,2021-11-03,2022-05-03,1314,181,9.8,CRITICAL,3.1,CRITICA,Known,True,No,CWE-20,Analyzed,"Drupal Core contains a remote code execution vulnerability that could allow an attacker to exploit multiple attack vectors on a Drupal site, resulting in complete site compromise.",Apply updates per vendor instructions.,https://nvd.nist.gov/vuln/detail/CVE-2018-7600
CVE-2019-0604,Microsoft,SharePoint,Microsoft SharePoint Remote Code Execution Vulnerability,2019-03-05,2021-11-03,2022-05-03,973,181,9.8,CRITICAL,3.1,CRITICA,Known,True,No,CWE-20,Analyzed,Microsoft SharePoint fails to check the source markup of an application package. An attacker who successfully exploits the vulnerability could run remote code in the context of the SharePoint application pool and the SharePoint server farm account.,Apply updates per vendor instructions.,https://nvd.nist.gov/vuln/detail/CVE-2019-0604
CVE-2019-0708,Microsoft,Remote Desktop Services,Microsoft Remote Desktop Services Remote Code Execution Vulnerability,2019-05-16,2021-11-03,2022-05-03,901,181,9.8,CRITICAL,3.1,CRITICA,Known,True,No,CWE-416,Analyzed,"Microsoft Remote Desktop Services, formerly known as Terminal Service, contains an unspecified vulnerability that allows an unauthenticated attacker to connect to the target system using RDP and send specially crafted requests. Successful exploitation allows for remote code execution. The vulnerability is also known under the moniker of BlueKeep.",Apply updates per vendor instructions.,https://nvd.nist.gov/vuln/detail/CVE-2019-0708
CVE-2019-11580,Atlassian,Crowd and Crowd Data Center,Atlassian Crowd and Crowd Data Center Remote Code Execution Vulnerability,2019-06-03,2021-11-03,2022-05-03,883,181,9.8,CRITICAL,3.1,CRITICA,Known,True,No,,Analyzed,Atlassian Crowd and Crowd Data Center contain a remote code execution vulnerability resulting from a pdkinstall development plugin being incorrectly enabled in release builds.,Apply updates per vendor instructions.,https://nvd.nist.gov/vuln/detail/CVE-2019-11580
CVE-2019-11634,Citrix,Workspace Application and Receiver for Windows,Citrix Workspace Application and Receiver for Windows Remote Code Execution Vulnerability,2019-05-22,2021-11-03,2022-05-03,895,181,9.8,CRITICAL,3.1,CRITICA,Known,True,No,CWE-284,Analyzed,Citrix Workspace Application and Receiver for Windows contains remote code execution vulnerability resulting from local drive access preferences not being enforced into the clients' local drives.,Apply updates per vendor instructions.,https://nvd.nist.gov/vuln/detail/CVE-2019-11634
CVE-2019-18935,Progress,Telerik UI for ASP.NET AJAX,Progress Telerik UI for ASP.NET AJAX Deserialization of Untrusted Data Vulnerability,2019-12-11,2021-11-03,2022-05-03,692,181,9.8,CRITICAL,3.1,CRITICA,Known,True,No,CWE-502,Analyzed,Progress Telerik UI for ASP.NET AJAX contains a deserialization of untrusted data vulnerability through RadAsyncUpload which leads to code execution on the server in the context of the w3wp.exe process.,Apply updates per vendor instructions.,https://nvd.nist.gov/vuln/detail/CVE-2019-18935
CVE-2019-19781,Citrix,"Application Delivery Controller (ADC), Gateway, and SD-WAN WANOP Appliance","Citrix ADC, Gateway, and SD-WAN WANOP Appliance Code Execution Vulnerability",2019-12-27,2021-11-03,2022-05-03,676,181,9.8,CRITICAL,3.1,CRITICA,Known,True,No,CWE-22,Analyzed,"Citrix ADC, Citrix Gateway, and multiple Citrix SD-WAN WANOP appliance models contain an unspecified vulnerability that could allow an unauthenticated attacker to perform code execution.",Apply updates per vendor instructions.,https://nvd.nist.gov/vuln/detail/CVE-2019-19781
CVE-2019-3396,Atlassian,Confluence Server and Data Server,Atlassian Confluence Server and Data Center Server-Side Template Injection Vulnerability,2019-03-25,2021-11-03,2022-05-03,953,181,9.8,CRITICAL,3.1,CRITICA,Known,True,No,CWE-22,Analyzed,Atlassian Confluence Server and Data Center contain a server-side template injection vulnerability that may allow an attacker to achieve path traversal and remote code execution.,Apply updates per vendor instructions.,https://nvd.nist.gov/vuln/detail/CVE-2019-3396
CVE-2019-5544,VMware,VMware ESXi and Horizon DaaS,VMware ESXi and Horizon DaaS OpenSLP Heap-Based Buffer Overflow Vulnerability,2019-12-06,2021-11-03,2022-05-03,697,181,9.8,CRITICAL,3.1,CRITICA,Known,True,No,CWE-787,Analyzed,VMware ESXi and Horizon Desktop as a Service (DaaS) OpenSLP contains a heap-based buffer overflow vulnerability that allows an attacker with network access to port 427 to overwrite the heap of the OpenSLP service to perform remote code execution.,Apply updates per vendor instructions.,https://nvd.nist.gov/vuln/detail/CVE-2019-5544
CVE-2020-12271,Sophos,SFOS,Sophos SFOS SQL Injection Vulnerability,2020-04-27,2021-11-03,2022-05-03,554,181,9.8,CRITICAL,3.1,CRITICA,Known,True,No,CWE-89,Analyzed,"Sophos Firewall operating system (SFOS) firmware contains a SQL injection vulnerability when configured with either the administration (HTTPS) service or the User Portal is exposed on the WAN zone. Successful exploitation may cause remote code execution to exfiltrate usernames and hashed passwords for the local device admin(s), portal admins, and user accounts used for remote access (but not external Active Directory or LDAP passwords).",Apply updates per vendor instructions.,https://nvd.nist.gov/vuln/detail/CVE-2020-12271
CVE-2020-12812,Fortinet,FortiOS,Fortinet FortiOS SSL VPN Improper Authentication Vulnerability,2020-07-24,2021-11-03,2022-05-03,466,181,9.8,CRITICAL,3.1,CRITICA,Known,True,No,CWE-178|CWE-287,Analyzed,Fortinet FortiOS SSL VPN contains an improper authentication vulnerability that may allow a user to login successfully without being prompted for the second factor of authentication (FortiToken) if they change the case in their username.,Apply updates per vendor instructions.,https://nvd.nist.gov/vuln/detail/CVE-2020-12812
CVE-2020-3992,VMware,ESXi,VMware ESXi OpenSLP Use-After-Free Vulnerability,2020-10-20,2021-11-03,2022-05-03,378,181,9.8,CRITICAL,3.1,CRITICA,Known,True,No,CWE-416,Analyzed,VMware ESXi OpenSLP contains a use-after-free vulnerability that allows an attacker residing in the management network with access to port 427 to perform remote code execution.,Apply updates per vendor instructions.,https://nvd.nist.gov/vuln/detail/CVE-2020-3992
CVE-2020-5902,F5,BIG-IP,F5 BIG-IP Traffic Management User Interface (TMUI) Remote Code Execution Vulnerability,2020-07-01,2021-11-03,2022-05-03,489,181,9.8,CRITICAL,3.1,CRITICA,Known,True,No,CWE-22,Analyzed,F5 BIG-IP Traffic Management User Interface (TMUI) contains a remote code execution vulnerability in undisclosed pages.,Apply updates per vendor instructions.,https://nvd.nist.gov/vuln/detail/CVE-2020-5902
CVE-2021-20016,SonicWall,SSLVPN SMA100,SonicWall SSLVPN SMA100 SQL Injection Vulnerability,2021-02-04,2021-11-03,2021-11-17,271,14,9.8,CRITICAL,3.1,CRITICA,Known,True,No,CWE-89,Analyzed,SonicWall SSLVPN SMA100 contains a SQL injection vulnerability that allows remote exploitation for credential access by an unauthenticated attacker.,Apply updates per vendor instructions.,https://nvd.nist.gov/vuln/detail/CVE-2021-20016
CVE-2021-20021,SonicWall,SonicWall Email Security,SonicWall Email Security Improper Privilege Management Vulnerability,2021-04-09,2021-11-03,2021-11-17,207,14,9.8,CRITICAL,3.1,CRITICA,Known,True,No,CWE-269,Analyzed,SonicWall Email Security contains an improper privilege management vulnerability that allows an attacker to create an administrative account by sending a crafted HTTP request to the remote host. This vulnerability has known usage in a SonicWall Email Security exploit chain along with CVE-2021-20022 and CVE-2021-20023 to achieve privilege escalation.,Apply updates per vendor instructions.,https://nvd.nist.gov/vuln/detail/CVE-2021-20021
CVE-2021-21972,VMware,vCenter Server,VMware vCenter Server Remote Code Execution Vulnerability,2021-02-24,2021-11-03,2021-11-17,251,14,9.8,CRITICAL,3.1,CRITICA,Known,True,No,CWE-22,Analyzed,VMware vCenter Server vSphere Client contains a remote code execution vulnerability in a vCenter Server plugin which allows an attacker with network access to port 443 to execute commands with unrestricted privileges on the underlying operating system.,Apply updates per vendor instructions.,https://nvd.nist.gov/vuln/detail/CVE-2021-21972
CVE-2021-21985,VMware,vCenter Server,VMware vCenter Server Improper Input Validation Vulnerability,2021-05-26,2021-11-03,2021-11-17,160,14,9.8,CRITICAL,3.1,CRITICA,Known,True,No,CWE-918|CWE-20|CWE-470,Analyzed,"VMware vSphere Client contains an improper input validation vulnerability in the Virtual SAN Health Check plug-in, which is enabled by default in vCenter Server, which allows for remote code execution.",Apply updates per vendor instructions.,https://nvd.nist.gov/vuln/detail/CVE-2021-21985
CVE-2021-22005,VMware,vCenter Server,VMware vCenter Server File Upload Vulnerability,2021-09-23,2021-11-03,2021-11-17,40,14,9.8,CRITICAL,3.1,CRITICA,Known,True,No,CWE-22,Analyzed,VMware vCenter Server contains a file upload vulnerability in the Analytics service that allows a user with network access to port 443 to execute code.,Apply updates per vendor instructions.,https://nvd.nist.gov/vuln/detail/CVE-2021-22005
CVE-2021-22986,F5,BIG-IP and BIG-IQ Centralized Management,F5 BIG-IP and BIG-IQ Centralized Management iControl REST Remote Code Execution Vulnerability,2021-03-31,2021-11-03,2021-11-17,216,14,9.8,CRITICAL,3.1,CRITICA,Known,True,No,CWE-918,Analyzed,"F5 BIG-IP and BIG-IQ Centralized Management contain a remote code execution vulnerability in the iControl REST interface that allows unauthenticated attackers with network access to execute system commands, create or delete files, and disable services.",Apply updates per vendor instructions.,https://nvd.nist.gov/vuln/detail/CVE-2021-22986
CVE-2021-26084,Atlassian,Confluence Server and Data Center,Atlassian Confluence Server and Data Center Object-Graph Navigation Language (OGNL) Injection Vulnerability,2021-08-30,2021-11-03,2021-11-17,64,14,9.8,CRITICAL,3.1,CRITICA,Known,True,No,CWE-917,Analyzed,Atlassian Confluence Server and Data Server contain an Object-Graph Navigation Language (OGNL) injection vulnerability that may allow an unauthenticated attacker to execute code.,Apply updates per vendor instructions.,https://nvd.nist.gov/vuln/detail/CVE-2021-26084
CVE-2021-27101,Accellion,FTA,Accellion FTA SQL Injection Vulnerability,2021-02-16,2021-11-03,2021-11-17,259,14,9.8,CRITICAL,3.1,CRITICA,Known,True,No,CWE-89|CWE-138,Analyzed,Accellion FTA contains a SQL injection vulnerability exploited via a crafted host header in a request to document_root.html.,Apply updates per vendor instructions.,https://nvd.nist.gov/vuln/detail/CVE-2021-27101
CVE-2021-27103,Accellion,FTA,Accellion FTA Server-Side Request Forgery (SSRF) Vulnerability,2021-02-16,2021-11-03,2021-11-17,259,14,9.8,CRITICAL,3.1,CRITICA,Known,True,No,CWE-918,Analyzed,Accellion FTA contains a server-side request forgery (SSRF) vulnerability exploited via a crafted POST request to wmProgressstat.html.,Apply updates per vendor instructions.,https://nvd.nist.gov/vuln/detail/CVE-2021-27103
CVE-2021-27104,Accellion,FTA,Accellion FTA OS Command Injection Vulnerability,2021-02-16,2021-11-03,2021-11-17,259,14,9.8,CRITICAL,3.1,CRITICA,Known,True,No,CWE-78,Analyzed,Accellion FTA contains an OS command injection vulnerability exploited via a crafted POST request to various admin endpoints.,Apply updates per vendor instructions.,https://nvd.nist.gov/vuln/detail/CVE-2021-27104
CVE-2021-30116,Kaseya,Virtual System/Server Administrator (VSA),Kaseya Virtual System/Server Administrator (VSA) Information Disclosure Vulnerability,2021-07-09,2021-11-03,2021-11-17,116,14,9.8,CRITICAL,3.1,CRITICA,Known,True,No,CWE-522,Analyzed,Kaseya Virtual System/Server Administrator (VSA) contains an information disclosure vulnerability allowing an attacker to obtain the sessionId that can be used to execute further attacks against the system.,Apply updates per vendor instructions.,https://nvd.nist.gov/vuln/detail/CVE-2021-30116
CVE-2021-35464,ForgeRock,Access Management (AM),ForgeRock Access Management (AM) Core Server Remote Code Execution Vulnerability,2021-07-22,2021-11-03,2021-11-17,103,14,9.8,CRITICAL,3.1,CRITICA,Known,True,No,CWE-502,Analyzed,"ForgeRock Access Management (AM) Core Server allows an attacker who sends a specially crafted HTTP request to one of three endpoints (/ccversion/Version, /ccversion/Masthead, or /ccversion/ButtonFrame) to execute code in the context of the current user (unless ForgeRock AM is running as root user, which the vendor does not recommend).",Apply updates per vendor instructions.,https://nvd.nist.gov/vuln/detail/CVE-2021-35464
CVE-2021-38647,Microsoft,Open Management Infrastructure (OMI),Microsoft Open Management Infrastructure (OMI) Remote Code Execution Vulnerability,2021-09-15,2021-11-03,2021-11-17,48,14,9.8,CRITICAL,3.1,CRITICA,Known,True,No,CWE-1390,Analyzed,Microsoft Open Management Infrastructure (OMI) within Azure VM Management Extensions contains an unspecified vulnerability allowing remote code execution.,Apply updates per vendor instructions.,https://nvd.nist.gov/vuln/detail/CVE-2021-38647
CVE-2021-40539,Zoho,ManageEngine,Zoho ManageEngine ADSelfService Plus Authentication Bypass Vulnerability,2021-09-07,2021-11-03,2021-11-17,56,14,9.8,CRITICAL,3.1,CRITICA,Known,True,No,CWE-706,Analyzed,Zoho ManageEngine ADSelfService Plus contains an authentication bypass vulnerability affecting the REST API URLs which allow for remote code execution.,Apply updates per vendor instructions.,https://nvd.nist.gov/vuln/detail/CVE-2021-40539
CVE-2021-41773,Apache,HTTP Server,Apache HTTP Server Path Traversal Vulnerability,2021-10-05,2021-11-03,2021-11-17,28,14,9.8,CRITICAL,3.1,CRITICA,Known,True,No,CWE-22,Analyzed,"Apache HTTP Server contains a path traversal vulnerability that allows an attacker to perform remote code execution if files outside directories configured by Alias-like directives are not under default �require all denied� or if CGI scripts are enabled. The original patch issued under this CVE ID is insufficient, please review remediation information under CVE-2021-42013.",Apply updates per vendor instructions.,https://nvd.nist.gov/vuln/detail/CVE-2021-41773
CVE-2021-42013,Apache,HTTP Server,Apache HTTP Server Path Traversal Vulnerability,2021-10-07,2021-11-03,2021-11-17,26,14,9.8,CRITICAL,3.1,CRITICA,Known,True,No,CWE-22,Analyzed,Apache HTTP Server contains a path traversal vulnerability that allows an attacker to perform remote code execution if files outside directories configured by Alias-like directives are not under default require all denied or if CGI scripts are enabled. This CVE ID resolves an incomplete patch for CVE-2021-41773.,Apply updates per vendor instructions.,https://nvd.nist.gov/vuln/detail/CVE-2021-42013
CVE-2021-42258,BQE,BillQuick Web Suite,BQE BillQuick Web Suite SQL Injection Vulnerability,2021-10-22,2021-11-03,2021-11-17,11,14,9.8,CRITICAL,3.1,CRITICA,Known,True,No,CWE-89,Analyzed,"BQE BillQuick Web Suite contains an SQL injection vulnerability when accessing the username parameter that may allow for unauthenticated, remote code execution.",Apply updates per vendor instructions.,https://nvd.nist.gov/vuln/detail/CVE-2021-42258
CVE-2026-45321,TanStack,TanStack,TanStack Unspecified Vulnerability,2026-05-12,2026-05-27,2026-06-10,14,14,9.6,CRITICAL,3.1,CRITICA,Known,True,No,CWE-506,Analyzed,TanStack contains an unspecified vulnerability that allowed malicious versions of the product to be published to the npm registry to publish credential-stealing malware under a trusted identity.,"Apply mitigations per vendor instructions, follow applicable BOD 22-01 guidance for cloud services, or discontinue use of the product if mitigations are unavailable.","This vulnerability could affect an open-source component, third-party library, protocol, or proprietary implementation that could be used by different products. For more information, please see: https://github.com/TanStack/router/security/advisories/GHSA-g7cv-rxg3-hmpx ; https://nvd.nist.gov/vuln/detail/CVE-2026-45321"
CVE-2026-12569,PTC,Windchill and FlexPLM,PTC Windchill and FlexPLM Improper Input Validation Vulnerability,2026-06-18,2026-06-25,2026-06-28,6,3,9.3,CRITICAL,4.0,CRITICA,Known,True,No,CWE-20|CWE-502,Analyzed,"PTC Windchill and FlexPLM contains an improper input validation vulnerability allowing an unauthenticated, remote attacker to execute arbitrary code by sending a malicious request to the network.","Apply mitigations in accordance with vendor instructions, ensuring compliance with CISA’s BOD 26-04 Prioritizing Security Updates Based on Risk (see URL in Notes) guidance and CISA’s “Forensics Triage Requirements” (see URL in Notes). Follow applicable BOD 26-04 guidance for cloud services or discontinue use of the product if mitigations are unavailable. Stakeholders are responsible for evaluating each asset's internet exposure and ensuring adherence to BOD 26-04 patching guidelines.",https://www.ptc.com/en/support/article/CS473270 ; BOD 26-04: https://www.cisa.gov/news-events/directives/bod-26-04-prioritizing-security-updates-based-risk ; Forensics Triage Requirements: https://www.cisa.gov/news-events/directives/bod-26-04-implementation-guidance-prioritizing-security-updates-based-risk ; https://nvd.nist.gov/vuln/detail/CVE-2026-12569
CVE-2026-50751,Check Point,Security Gateway,Check Point Security Gateway Improper Authentication Vulnerability,2026-06-08,2026-06-08,2026-06-11,-1,3,9.3,CRITICAL,3.1,CRITICA,Known,True,No,CWE-287,Analyzed,Check Point Security Gateway contains an improper authentication vulnerability in IKEv1 key exchange that could allow an unauthenticated remote attacker to bypass user authentication and establish a remote access VPN connection without a valid user password.,"Apply mitigations per vendor instructions, follow applicable BOD 22-01 guidance for cloud services, or discontinue use of the product if mitigations are unavailable.",https://blog.checkpoint.com/security/check-point-releases-important-hotfix-for-vulnerabilities-in-deprecated-ikev1-vpn-protocol/ ; https://support.checkpoint.com/results/sk/sk185033?_gl=1*1wqeqhc*_gcl_au*MTI1MzE5MjI2LjE3ODA5MzQ1NTM. ; https://nvd.nist.gov/vuln/detail/CVE-2026-50751
CVE-2026-48027,Nx,Nx Console,Nx Console Embedded Malicious Code Vulnerability,2026-05-27,2026-05-27,2026-06-10,-1,14,9.3,CRITICAL,4.0,CRITICA,Known,True,No,CWE-506,Analyzed,Nx Console contains an embedded malicious code vulnerability that allowed a malicious version of Nx Console to be published. The compromised extension fetched an obfuscated payload that could harvested credentials from multiple sources on disk and in memory.,"Apply mitigations per vendor instructions, follow applicable BOD 22-01 guidance for cloud services, or discontinue use of the product if mitigations are unavailable.","This vulnerability could affect an open-source component, third-party library, protocol, or proprietary implementation that could be used by different products. For more information, please see: https://github.com/nrwl/nx-console/security/advisories/GHSA-c9j4-9m59-847w ; https://nvd.nist.gov/vuln/detail/CVE-2026-48027"
CVE-2026-41940,WebPros,cPanel & WHM and WP2 (WordPress Squared),WebPros cPanel & WHM and WP2 (WordPress Squared) Missing Authentication for Critical Function Vulnerability,2026-04-29,2026-04-30,2026-05-03,0,3,9.3,CRITICAL,4.0,CRITICA,Known,True,No,CWE-306,Analyzed,WebPros cPanel & WHM (WebHost Manager) and WP2 (WordPress Squared) contain an authentication bypass vulnerability in the login flow that allows unauthenticated remote attackers to gain unauthorized access to the control panel.,"Apply mitigations per vendor instructions, follow applicable BOD 22-01 guidance for cloud services, or discontinue use of the product if mitigations are unavailable.","https://support.cpanel.net/hc/en-us/articles/40073787579671-cPanel-WHM-Security-Update-04-28-2026 ; https://docs.cpanel.net/release-notes/release-notes/ ; https://docs.wpsquared.com/changelogs/versions/changelog/#13617 ; https://nvd.nist.gov/vuln/detail/CVE-2026-41940"""
CVE-2026-24423,SmarterTools,SmarterMail,SmarterTools SmarterMail Missing Authentication for Critical Function Vulnerability,2026-01-23,2026-02-05,2026-02-26,12,21,9.3,CRITICAL,4.0,CRITICA,Known,True,No,CWE-306,Analyzed,SmarterTools SmarterMail contains a missing authentication for critical function vulnerability in the ConnectToHub API method. This could allow the attacker to point the SmarterMail instance to a malicious HTTP server which serves the malicious OS command and could lead to command execution. ,"Apply mitigations per vendor instructions, follow applicable BOD 22-01 guidance for cloud services, or discontinue use of the product if mitigations are unavailable.",https://www.smartertools.com/smartermail/release-notes/current ; https://www.cve.org/CVERecord?id=CVE-2026-24423 ; https://nvd.nist.gov/vuln/detail/CVE-2026-24423
CVE-2026-23760,SmarterTools,SmarterMail,SmarterTools SmarterMail Authentication Bypass Using an Alternate Path or Channel Vulnerability,2026-01-22,2026-01-26,2026-02-16,3,21,9.3,CRITICAL,4.0,CRITICA,Known,True,No,CWE-288,Analyzed,"SmarterTools SmarterMail contains an authentication bypass using an alternate path or channel vulnerability in the password reset API. The force-reset-password endpoint permits anonymous requests and fails to verify the existing password or a reset token when resetting system administrator accounts. This could allow an unauthenticated attacker to supply a target administrator username and a new password to reset the account, resulting in full administrative compromise of the SmarterMail instance.","Apply mitigations per vendor instructions, follow applicable BOD 22-01 guidance for cloud services, or discontinue use of the product if mitigations are unavailable.",https://www.smartertools.com/smartermail/release-notes/current ; https://nvd.nist.gov/vuln/detail/CVE-2026-23760
CVE-2025-14733,WatchGuard,Firebox,WatchGuard Firebox Out of Bounds Write Vulnerability,2025-12-19,2025-12-19,2025-12-26,-1,7,9.3,CRITICAL,4.0,CRITICA,Known,True,No,CWE-787,Analyzed,WatchGuard Fireware OS iked process contains an out of bounds write vulnerability in the OS iked process. This vulnerability may allow a remote unauthenticated attacker to execute arbitrary code and affects both the mobile user VPN with IKEv2 and the branch office VPN using IKEv2 when configured with a dynamic gateway peer.,"Apply mitigations per vendor instructions, follow applicable BOD 22-01 guidance for cloud services, or discontinue use of the product if mitigations are unavailable.",Check for signs of potential compromise on all internet accessible instances after applying mitigations. For more information please see: https://www.watchguard.com/wgrd-psirt/advisory/wgsa-2025-00027 ; https://nvd.nist.gov/vuln/detail/CVE-2025-14733
CVE-2025-5777,Citrix,NetScaler ADC and Gateway,Citrix NetScaler ADC and Gateway Out-of-Bounds Read Vulnerability,2025-06-17,2025-07-10,2025-07-11,22,1,9.3,CRITICAL,4.0,CRITICA,Known,True,No,CWE-125|CWE-908|CWE-457,Analyzed,"Citrix NetScaler ADC and Gateway contain an out-of-bounds read vulnerability due to insufficient input validation. This vulnerability can lead to memory overread when the NetScaler is configured as a Gateway (VPN virtual server, ICA Proxy, CVPN, RDP Proxy) OR AAA virtual server.","Apply mitigations per vendor instructions, follow applicable BOD 22-01 guidance for cloud services, or discontinue use of the product if mitigations are unavailable.",https://support.citrix.com/support-home/kbsearch/article?articleNumber=CTX693420 ; https://nvd.nist.gov/vuln/detail/CVE-2025-5777
CVE-2024-0012,Palo Alto Networks,PAN-OS,Palo Alto Networks PAN-OS Management Interface Authentication Bypass Vulnerability,2024-11-18,2024-11-18,2024-12-09,-1,21,9.3,CRITICAL,4.0,CRITICA,Known,True,No,CWE-306,Analyzed,"Palo Alto Networks PAN-OS contains an authentication bypass vulnerability in the web-based management interface for several PAN-OS products, including firewalls and VPN concentrators.","Apply mitigations per vendor instructions or discontinue use of the product if mitigations are unavailable. Additionally, management interface for affected devices should not be exposed to untrusted networks, including the internet.",https://security.paloaltonetworks.com/CVE-2024-0012 ; https://nvd.nist.gov/vuln/detail/CVE-2024-0012
CVE-2025-42999,SAP,NetWeaver,SAP NetWeaver Deserialization Vulnerability,2025-05-13,2025-05-15,2025-06-05,1,21,9.1,CRITICAL,3.1,CRITICA,Known,True,No,CWE-502,Analyzed,"SAP NetWeaver Visual Composer Metadata Uploader contains a deserialization vulnerability that allows a privileged attacker to compromise the confidentiality, integrity, and availability of the host system by deserializing untrusted or malicious content.","Apply mitigations per vendor instructions, follow applicable BOD 22-01 guidance for cloud services, or discontinue use of the product if mitigations are unavailable.",SAP users must have an account to log in and access the patch: https://me.sap.com/notes/3604119 ; https://nvd.nist.gov/vuln/detail/CVE-2025-42999
CVE-2024-41713,Mitel,MiCollab,Mitel MiCollab Path Traversal Vulnerability,2024-10-21,2025-01-07,2025-01-28,77,21,9.1,CRITICAL,3.1,CRITICA,Known,True,No,CWE-22,Analyzed,"Mitel MiCollab contains a path traversal vulnerability that could allow an attacker to gain unauthorized and unauthenticated access. This vulnerability can be chained with CVE-2024-55550, which allows an unauthenticated, remote attacker to read arbitrary files on the server.",Apply mitigations per vendor instructions or discontinue use of the product if mitigations are unavailable.,https://www.mitel.com/support/security-advisories/mitel-product-security-advisory-misa-2024-0029 ; https://nvd.nist.gov/vuln/detail/CVE-2024-41713 
CVE-2024-21887,Ivanti,Connect Secure and Policy Secure,Ivanti Connect Secure and Policy Secure Command Injection Vulnerability,2024-01-12,2024-01-10,2024-01-22,-3,12,9.1,CRITICAL,3.1,CRITICA,Known,True,No,CWE-77,Analyzed,"Ivanti Connect Secure (ICS, formerly known as Pulse Connect Secure) and Ivanti Policy Secure contain a command injection vulnerability in the web components of these products, which can allow an authenticated administrator to send crafted requests to execute code on affected appliances. This vulnerability can be leveraged in conjunction with CVE-2023-46805, an authenticated bypass issue.",Apply mitigations per vendor instructions or discontinue use of the product if mitigations are unavailable.,"Please apply mitigations per vendor instructions. For more information, please see: https://forums.ivanti.com/s/article/KB-CVE-2023-46805-Authentication-Bypass-CVE-2024-21887-Command-Injection-for-Ivanti-Connect-Secure-and-Ivanti-Policy-Secure-Gateways?language=en_US ; https://nvd.nist.gov/vuln/detail/CVE-2024-21887"
CVE-2023-20269,Cisco,Adaptive Security Appliance and Firepower Threat Defense,Cisco Adaptive Security Appliance and Firepower Threat Defense Unauthorized Access Vulnerability,2023-09-06,2023-09-13,2023-10-04,6,21,9.1,CRITICAL,3.1,CRITICA,Known,True,No,CWE-288|CWE-863,Analyzed,"Cisco Adaptive Security Appliance and Firepower Threat Defense contain an unauthorized access vulnerability that could allow an unauthenticated, remote attacker to conduct a brute force attack in an attempt to identify valid username and password combinations or establish a clientless SSL VPN session with an unauthorized user.",Apply mitigations per vendor instructions for group-lock and vpn-simultaneous-logins or discontinue use of the product for unsupported devices.,https://sec.cloudapps.cisco.com/security/center/content/CiscoSecurityAdvisory/cisco-sa-asaftd-ravpn-auth-8LyfCkeC;  https://nvd.nist.gov/vuln/detail/CVE-2023-20269
CVE-2022-27593,QNAP,Photo Station,QNAP Photo Station Externally Controlled Reference Vulnerability,2022-09-08,2022-09-08,2022-09-29,-1,21,9.1,CRITICAL,3.1,CRITICA,Known,True,No,CWE-610,Analyzed,Certain QNAP NAS running Photo Station with internet exposure contain an externally controlled reference to a resource vulnerability which can allow an attacker to modify system files. This vulnerability was observed being utilized in a Deadbolt ransomware campaign.,Apply updates per vendor instructions.,https://www.qnap.com/en/security-advisory/qsa-22-24;  https://nvd.nist.gov/vuln/detail/CVE-2022-27593
CVE-2021-26855,Microsoft,Exchange Server,Microsoft Exchange Server Remote Code Execution Vulnerability,2021-03-03,2021-11-03,2022-05-03,244,181,9.1,CRITICAL,3.1,CRITICA,Known,True,No,CWE-918,Analyzed,Microsoft Exchange Server contains an unspecified vulnerability that allows for remote code execution. This vulnerability is part of the ProxyLogon exploit chain.,Apply updates per vendor instructions.,Reference CISA's ED 21-02 (https://www.cisa.gov/news-events/directives/ed-21-02-mitigate-microsoft-exchange-premises-product-vulnerabilities) for further guidance and requirements. Note: The due date for addressing this vulnerability aligns with the requirements outlined in ED 21-02. https://nvd.nist.gov/vuln/detail/CVE-2021-26855
CVE-2021-34473,Microsoft,Exchange Server,Microsoft Exchange Server Remote Code Execution Vulnerability,2021-07-14,2021-11-03,2021-11-17,111,14,9.1,CRITICAL,3.1,CRITICA,Known,True,No,CWE-918,Analyzed,Microsoft Exchange Server contains an unspecified vulnerability that allows for remote code execution.,Apply updates per vendor instructions.,https://nvd.nist.gov/vuln/detail/CVE-2021-34473
CVE-2025-0282,Ivanti,"Connect Secure, Policy Secure, and ZTA Gateways","Ivanti Connect Secure, Policy Secure, and ZTA Gateways Stack-Based Buffer Overflow Vulnerability",2025-01-08,2025-01-08,2025-01-15,-1,7,9.0,CRITICAL,3.1,CRITICA,Known,True,No,CWE-121|CWE-787,Analyzed,"Ivanti Connect Secure, Policy Secure, and ZTA Gateways contain a stack-based buffer overflow which can lead to unauthenticated remote code execution.","Apply mitigations as set forth in the CISA instructions linked below to include conducting hunt activities, taking remediation actions if applicable, and applying updates prior to returning a device to service.",CISA Mitigation Instructions: https://www.cisa.gov/cisa-mitigation-instructions-CVE-2025-0282 Additional References: https://forums.ivanti.com/s/article/Security-Advisory-Ivanti-Connect-Secure-Policy-Secure-ZTA-Gateways-CVE-2025-0282-CVE-2025-0283 ; https://nvd.nist.gov/vuln/detail/CVE-2025-0282
CVE-2021-45046,Apache,Log4j2,Apache Log4j2 Deserialization of Untrusted Data Vulnerability,2021-12-14,2023-05-01,2023-05-22,502,21,9.0,CRITICAL,3.1,CRITICA,Known,True,No,CWE-917,Analyzed,"Apache Log4j2 contains a deserialization of untrusted data vulnerability due to the incomplete fix of CVE-2021-44228, where the Thread Context Lookup Pattern is vulnerable to remote code execution in certain non-default configurations.",Apply updates per vendor instructions.,https://logging.apache.org/log4j/2.x/security.html; https://nvd.nist.gov/vuln/detail/CVE-2021-45046
CVE-2021-40438,Apache,Apache,Apache HTTP Server-Side Request Forgery (SSRF),2021-09-16,2021-12-01,2021-12-15,75,14,9.0,CRITICAL,3.1,CRITICA,Known,True,No,CWE-918,Analyzed,A crafted request uri-path can cause mod_proxy to forward the request to an origin server choosen by the remote user. This issue affects Apache HTTP Server 2.4.48 and earlier.,Apply updates per vendor instructions.,https://nvd.nist.gov/vuln/detail/CVE-2021-40438
CVE-2021-34523,Microsoft,Exchange Server,Microsoft Exchange Server Privilege Escalation Vulnerability,2021-07-14,2021-11-03,2021-11-17,111,14,9.0,CRITICAL,3.1,CRITICA,Known,True,No,CWE-287,Analyzed,Microsoft Exchange Server contains an unspecified vulnerability that allows for privilege escalation.,Apply updates per vendor instructions.,https://nvd.nist.gov/vuln/detail/CVE-2021-34523
CVE-2026-45659,Microsoft,SharePoint Server,Microsoft SharePoint Server Deserialization of Untrusted Data Vulnerability,2026-05-22,2026-07-01,2026-07-04,39,3,8.8,HIGH,3.1,ALTA,Known,True,Yes,CWE-502,Analyzed,Microsoft SharePoint Server contains a deserialization of untrusted data vulnerability which allows an authorized attacker to execute code over a network.,"Apply mitigations in accordance with vendor instructions, ensuring compliance with CISA’s BOD 26-04 Prioritizing Security Updates Based on Risk (see URL in Notes) guidance and CISA’s “Forensics Triage Requirements” (see URL in Notes). Follow applicable BOD 26-04 guidance for cloud services or discontinue use of the product if mitigations are unavailable. Stakeholders are responsible for evaluating each asset's internet exposure and ensuring adherence to BOD 26-04 patching guidelines.",https://msrc.microsoft.com/update-guide/vulnerability/CVE-2026-45659 ; BOD 26-04: https://www.cisa.gov/news-events/directives/bod-26-04-prioritizing-security-updates-based-risk ; Forensics Triage Requirements: https://www.cisa.gov/news-events/directives/bod-26-04-implementation-guidance-prioritizing-security-updates-based-risk ; https://nvd.nist.gov/vuln/detail/CVE-2026-45659
CVE-2023-21529,Microsoft,Exchange Server,Microsoft Exchange Server Deserialization of Untrusted Data Vulnerability,2023-02-14,2026-04-13,2026-04-27,1153,14,8.8,HIGH,3.1,ALTA,Known,True,No,CWE-502,Analyzed,Microsoft Exchange Server contains a deserialization of untrusted data that allows an authenticated attacker to achieve remote code execution.,"Apply mitigations per vendor instructions, follow applicable BOD 22-01 guidance for cloud services, or discontinue use of the product if mitigations are unavailable.",https://msrc.microsoft.com/update-guide/vulnerability/CVE-2023-21529 ; https://nvd.nist.gov/vuln/detail/CVE-2023-21529
CVE-2025-49704,Microsoft,SharePoint,Microsoft SharePoint Code Injection Vulnerability,2025-07-08,2025-07-22,2025-07-23,13,1,8.8,HIGH,3.1,ALTA,Known,True,No,CWE-94,Analyzed,"Microsoft SharePoint contains a code injection vulnerability that could allow an authorized attacker to execute code over a network. This vulnerability could be chained with CVE-2025-49706. CVE-2025-53770 is a patch bypass for CVE-2025-49704, and the updates for CVE-2025-53770 include more robust protection than those for CVE-2025-49704.","Disconnect public-facing versions of SharePoint Server that have reached their end-of-life (EOL) or end-of-service (EOS) to include SharePoint Server 2013 and earlier versions. For supported versions, please follow the mitigations according to CISA (URL listed below in Notes) and vendor instructions (URL listed below in Notes). Adhere to the applicable BOD 22-01 guidance for cloud services or discontinue use of the product if mitigations are not available.",CISA Mitigation Instructions: https://www.cisa.gov/news-events/alerts/2025/07/20/microsoft-releases-guidance-exploitation-sharepoint-vulnerability-cve-2025-53770; https://www.microsoft.com/en-us/security/blog/2025/07/22/disrupting-active-exploitation-of-on-premises-sharepoint-vulnerabilities/ ; https://msrc.microsoft.com/update-guide/vulnerability/CVE-2025-49704 ; https://nvd.nist.gov/vuln/detail/CVE-2025-49704
CVE-2024-49039,Microsoft,Windows,Microsoft Windows Task Scheduler Privilege Escalation Vulnerability,2024-11-12,2024-11-12,2024-12-03,-1,21,8.8,HIGH,3.1,ALTA,Known,True,No,CWE-287,Analyzed,"Microsoft Windows Task Scheduler contains a privilege escalation vulnerability that can allow an attacker-provided, local application to escalate privileges outside of its AppContainer, and access privileged RPC functions.",Apply mitigations per vendor instructions or discontinue use of the product if mitigations are unavailable.,https://msrc.microsoft.com/update-guide/en-US/vulnerability/CVE-2024-49039 ; https://nvd.nist.gov/vuln/detail/CVE-2024-49039
CVE-2020-0618,Microsoft,SQL Server,Microsoft SQL Server Reporting Services Remote Code Execution Vulnerability,2020-02-11,2024-09-18,2024-10-09,1680,21,8.8,HIGH,3.1,ALTA,Known,True,No,CWE-502,Analyzed,Microsoft SQL Server Reporting Services contains a deserialization vulnerability when handling page requests incorrectly. An authenticated attacker can exploit this vulnerability to execute code in the context of the Report Server service account.,Apply mitigations per vendor instructions or discontinue use of the product if mitigations are unavailable.,https://msrc.microsoft.com/update-guide/en-US/advisory/CVE-2020-0618  ;  https://nvd.nist.gov/vuln/detail/CVE-2020-0618
CVE-2023-40044,Progress,WS_FTP Server,Progress WS_FTP Server Deserialization of Untrusted Data Vulnerability,2023-09-27,2023-10-05,2023-10-26,7,21,8.8,HIGH,3.1,ALTA,Known,True,No,CWE-502,Analyzed,Progress WS_FTP Server contains a deserialization of untrusted data vulnerability in the Ad Hoc Transfer module that allows an authenticated attacker to execute remote commands on the underlying operating system.,Apply mitigations per vendor instructions or discontinue use of the product if mitigations are unavailable.,https://community.progress.com/s/article/WS-FTP-Server-Critical-Vulnerability-September-2023; https://nvd.nist.gov/vuln/detail/CVE-2023-40044
CVE-2017-6884,Zyxel,EMG2926 Routers,Zyxel EMG2926 Routers Command Injection Vulnerability,2017-04-06,2023-09-18,2023-10-09,2355,21,8.8,HIGH,3.1,ALTA,Known,True,No,CWE-78,Analyzed,"Zyxel EMG2926 routers contain a command injection vulnerability located in the diagnostic tools, specifically the nslookup function. A malicious user may exploit numerous vectors to execute malicious commands on the router, such as the ping_ip parameter to the expert/maintenance/diagnostic/nslookup URI.",Apply mitigations per vendor instructions or discontinue use of the product if mitigations are unavailable.,"https://www.zyxel.com/global/en/support/security-advisories/zyxel-security-advisory-for-command-injection-vulnerability-in-emg2926-q10a-ethernet-cpe, https://www.zyxelguard.com/Zyxel-EOL.asp; https://nvd.nist.gov/vuln/detail/CVE-2017-6884"
CVE-2021-27878,Veritas,Backup Exec Agent,Veritas Backup Exec Agent Command Execution Vulnerability,2021-03-01,2023-04-07,2023-04-28,766,21,8.8,HIGH,3.1,ALTA,Known,True,No,CWE-287,Analyzed,Veritas Backup Exec (BE) Agent contains a command execution vulnerability that could allow an attacker to use a data management protocol command to execute a command on the BE Agent machine.,Apply updates per vendor instructions.,https://www.veritas.com/support/en_US/security/VTS21-001; https://nvd.nist.gov/vuln/detail/CVE-2021-27878
CVE-2022-41080,Microsoft,Exchange Server,Microsoft Exchange Server Privilege Escalation Vulnerability,2022-11-09,2023-01-10,2023-01-31,61,21,8.8,HIGH,3.1,ALTA,Known,True,No,,Analyzed,"Microsoft Exchange Server contains an unspecified vulnerability that allows for privilege escalation. This vulnerability is chainable with CVE-2022-41082, which allows for remote code execution.",Apply updates per vendor instructions.,https://msrc.microsoft.com/update-guide/en-US/vulnerability/CVE-2022-41080;  https://nvd.nist.gov/vuln/detail/CVE-2022-41080
CVE-2022-26500,Veeam,Backup & Replication,Veeam Backup & Replication Remote Code Execution Vulnerability,2022-03-17,2022-12-13,2023-01-03,270,21,8.8,HIGH,3.1,ALTA,Known,True,No,CWE-22,Analyzed,The Veeam Distribution Service in the Backup & Replication application allows unauthenticated users to access internal API functions. A remote attacker can send input to the internal API which may lead to uploading and executing of malicious code.,Apply updates per vendor instructions.,https://www.veeam.com/kb4288;  https://nvd.nist.gov/vuln/detail/CVE-2022-26500
CVE-2022-41040,Microsoft,Exchange Server,Microsoft Exchange Server Server-Side Request Forgery Vulnerability,2022-10-03,2022-09-30,2022-10-21,-4,21,8.8,HIGH,3.1,ALTA,Known,True,No,CWE-918,Analyzed,"Microsoft Exchange Server allows for server-side request forgery. Dubbed ""ProxyNotShell,"" this vulnerability is chainable with CVE-2022-41082 which allows for remote code execution.",Apply updates per vendor instructions.,https://msrc-blog.microsoft.com/2022/09/29/customer-guidance-for-reported-zero-day-vulnerabilities-in-microsoft-exchange-server/;  https://nvd.nist.gov/vuln/detail/CVE-2022-41040
CVE-2022-2294,WebRTC,WebRTC,WebRTC Heap Buffer Overflow Vulnerability,2022-07-28,2022-08-25,2022-09-15,27,21,8.8,HIGH,3.1,ALTA,Known,True,No,CWE-787,Analyzed,"WebRTC, an open-source project providing web browsers with real-time communication, contains a heap buffer overflow vulnerability that allows an attacker to perform shellcode execution. This vulnerability impacts web browsers using WebRTC including but not limited to Google Chrome.",Apply updates per vendor instructions.,https://groups.google.com/g/discuss-webrtc/c/5KBtZx2gvcQ;  https://nvd.nist.gov/vuln/detail/CVE-2022-2294
CVE-2016-0034,Microsoft,Silverlight,Microsoft Silverlight Runtime Remote Code Execution Vulnerability,2016-01-13,2022-05-25,2022-06-15,2323,21,8.8,HIGH,3.1,ALTA,Known,True,No,CWE-20,Analyzed,"Microsoft Silverlight mishandles negative offsets during decoding, which allows attackers to execute remote code or cause a denial-of-service (DoS).",The impacted products are end-of-life and should be disconnected if still in use.,https://nvd.nist.gov/vuln/detail/CVE-2016-0034
CVE-2013-2551,Microsoft,Internet Explorer,Microsoft Internet Explorer Use-After-Free Vulnerability,2013-03-11,2022-03-28,2022-04-18,3303,21,8.8,HIGH,3.1,ALTA,Known,True,No,CWE-416,Analyzed,Use-after-free vulnerability in Microsoft Internet Explorer allows remote attackers to execute remote code via a crafted web site that triggers access to a deleted object.,Apply updates per vendor instructions.,https://nvd.nist.gov/vuln/detail/CVE-2013-2551
CVE-2017-0146,Microsoft,Windows,Microsoft Windows SMB Remote Code Execution Vulnerability,2017-03-17,2022-03-25,2022-04-15,1833,21,8.8,HIGH,3.1,ALTA,Known,True,No,CWE-20,Analyzed,The SMBv1 server in Microsoft Windows allows remote attackers to perform remote code execution.,Apply updates per vendor instructions.,https://nvd.nist.gov/vuln/detail/CVE-2017-0146
CVE-2017-0144,Microsoft,SMBv1,Microsoft SMBv1 Remote Code Execution Vulnerability,2017-03-17,2022-02-10,2022-08-10,1790,181,8.8,HIGH,3.1,ALTA,Known,True,No,CWE-20,Analyzed,The SMBv1 server in multiple Microsoft Windows versions allows remote attackers to execute arbitrary code via crafted packets.,Apply updates per vendor instructions.,https://nvd.nist.gov/vuln/detail/CVE-2017-0144
CVE-2017-0145,Microsoft,SMBv1,Microsoft SMBv1 Remote Code Execution Vulnerability,2017-03-17,2022-02-10,2022-08-10,1790,181,8.8,HIGH,3.1,ALTA,Known,True,No,CWE-20,Analyzed,The SMBv1 server in multiple Microsoft Windows versions allows remote attackers to execute arbitrary code via crafted packets.,Apply updates per vendor instructions.,https://nvd.nist.gov/vuln/detail/CVE-2017-0145
CVE-2021-42321,Microsoft,Exchange,Microsoft Exchange Server Remote Code Execution Vulnerability,2021-11-10,2021-11-17,2021-12-01,6,14,8.8,HIGH,3.1,ALTA,Known,True,No,CWE-184|CWE-502,Analyzed,An authenticated attacker could leverage improper validation in cmdlet arguments within Microsoft Exchange and perform remote code execution.,Apply updates per vendor instructions.,https://nvd.nist.gov/vuln/detail/CVE-2021-42321
CVE-2012-0158,Microsoft,MSCOMCTL.OCX,Microsoft MSCOMCTL.OCX Remote Code Execution Vulnerability,2012-04-10,2021-11-03,2022-05-03,3493,181,8.8,HIGH,3.1,ALTA,Known,True,No,CWE-94,Analyzed,"Microsoft MSCOMCTL.OCX contains an unspecified vulnerability that allows for remote code execution, allowing an attacker to take complete control of an affected system under the context of the current user.",Apply updates per vendor instructions.,https://nvd.nist.gov/vuln/detail/CVE-2012-0158
CVE-2014-1812,Microsoft,Windows,Microsoft Windows Group Policy Preferences Password Privilege Escalation Vulnerability,2014-05-14,2021-11-03,2022-05-03,2729,181,8.8,HIGH,3.1,ALTA,Known,True,No,CWE-255|CWE-522,Analyzed,Microsoft Windows Active Directory contains a privilege escalation vulnerability due to the way it distributes passwords that are configured using Group Policy preferences. An authenticated attacker who successfully exploits the vulnerability could decrypt the passwords and use them to elevate privileges on the domain.,Apply updates per vendor instructions.,https://nvd.nist.gov/vuln/detail/CVE-2014-1812
CVE-2017-0143,Microsoft,Windows,Microsoft Windows Server Message Block (SMBv1) Remote Code Execution Vulnerability,2017-03-17,2021-11-03,2022-05-03,1691,181,8.8,HIGH,3.1,ALTA,Known,True,No,CWE-20,Analyzed,Microsoft Windows Server Message Block 1.0 (SMBv1) contains an unspecified vulnerability that allows for remote code execution.,Apply updates per vendor instructions.,https://nvd.nist.gov/vuln/detail/CVE-2017-0143
CVE-2017-9822,DotNetNuke (DNN),DotNetNuke (DNN),DotNetNuke (DNN) Remote Code Execution Vulnerability,2017-07-20,2021-11-03,2022-05-03,1566,181,8.8,HIGH,3.1,ALTA,Known,True,No,CWE-94,Analyzed,DotNetNuke (DNN) contains a vulnerability that may allow for remote code execution via cookie deserialization.,Apply updates per vendor instructions.,https://nvd.nist.gov/vuln/detail/CVE-2017-9822
CVE-2020-0688,Microsoft,Exchange Server,Microsoft Exchange Server Validation Key Remote Code Execution Vulnerability,2020-02-11,2021-11-03,2022-05-03,630,181,8.8,HIGH,3.1,ALTA,Known,True,No,CWE-287,Analyzed,"Microsoft Exchange Server Validation Key fails to properly create unique keys at install time, allowing for remote code execution.",Apply updates per vendor instructions.,https://nvd.nist.gov/vuln/detail/CVE-2020-0688
CVE-2021-26411,Microsoft,Internet Explorer,Microsoft Internet Explorer Memory Corruption Vulnerability,2021-03-11,2021-11-03,2021-11-17,236,14,8.8,HIGH,3.1,ALTA,Known,True,No,CWE-416,Analyzed,Microsoft Internet Explorer contains an unspecified vulnerability that allows for memory corruption.,Apply updates per vendor instructions.,https://nvd.nist.gov/vuln/detail/CVE-2021-26411
CVE-2021-34527,Microsoft,Windows,Microsoft Windows Print Spooler Remote Code Execution Vulnerability,2021-07-02,2021-11-03,2022-05-03,123,181,8.8,HIGH,3.1,ALTA,Known,True,No,CWE-269,Analyzed,Microsoft Windows Print Spooler contains an unspecified vulnerability due to the Windows Print Spooler service improperly performing privileged file operations. Successful exploitation allows an attacker to perform remote code execution with SYSTEM privileges. The vulnerability is also known under the moniker of PrintNightmare.,Apply updates per vendor instructions.,Reference CISA's ED 21-04 (https://www.cisa.gov/news-events/directives/ed-21-04-mitigate-windows-print-spooler-service-vulnerability) for further guidance and requirements. Note: The due date for addressing this vulnerability aligns with the requirements outlined in ED 21-04. https://nvd.nist.gov/vuln/detail/CVE-2021-34527
CVE-2021-40444,Microsoft,MSHTML,Microsoft MSHTML Remote Code Execution Vulnerability,2021-09-15,2021-11-03,2021-11-17,48,14,8.8,HIGH,3.1,ALTA,Known,True,No,CWE-22,Analyzed,Microsoft MSHTML contains a unspecified vulnerability that allows for remote code execution.,Apply updates per vendor instructions.,https://nvd.nist.gov/vuln/detail/CVE-2021-40444
CVE-2024-24919,Check Point,Quantum Security Gateways,Check Point Quantum Security Gateways Information Disclosure Vulnerability,2024-05-28,2024-05-30,2024-06-20,1,21,8.6,HIGH,3.1,ALTA,Known,True,No,CWE-200,Analyzed,"Check Point Quantum Security Gateways contain an unspecified information disclosure vulnerability. The vulnerability potentially allows an attacker to access information on Gateways connected to the internet, with IPSec VPN, Remote Access VPN or Mobile Access enabled. This issue affects several product lines from Check Point, including CloudGuard Network, Quantum Scalable Chassis, Quantum Security Gateways, and Quantum Spark Appliances.",Apply mitigations per vendor instructions or discontinue use of the product if mitigations are unavailable.,https://support.checkpoint.com/results/sk/sk182336 ; https://nvd.nist.gov/vuln/detail/CVE-2024-24919
CVE-2024-1708,ConnectWise,ScreenConnect,ConnectWise ScreenConnect Path Traversal Vulnerability,2024-02-21,2026-04-28,2026-05-12,796,14,8.4,HIGH,3.1,ALTA,Known,True,No,CWE-22,Analyzed,ConnectWise ScreenConnect contains a path traversal vulnerability which could allow an attacker to execute remote code or directly impact confidential data and critical systems.,"Apply mitigations per vendor instructions, follow applicable BOD 22-01 guidance for cloud services, or discontinue use of the product if mitigations are unavailable.",https://www.connectwise.com/company/trust/security-bulletins/connectwise-screenconnect-23.9.8 ; https://nvd.nist.gov/vuln/detail/CVE-2024-1708
CVE-2025-8088,RARLAB,WinRAR,RARLAB WinRAR Path Traversal Vulnerability,2025-08-08,2025-08-12,2025-09-02,3,21,8.4,HIGH,4.0,ALTA,Known,True,No,CWE-35,Analyzed,RARLAB WinRAR contains a path traversal vulnerability affecting the Windows version of WinRAR. This vulnerability could allow an attacker to execute arbitrary code by crafting malicious archive files.,"Apply mitigations per vendor instructions, follow applicable BOD 22-01 guidance for cloud services, or discontinue use of the product if mitigations are unavailable.",https://www.win-rar.com/singlenewsview.html?&L=0&tx_ttnews%5Btt_news%5D=283&cHash=a64b4a8f662d3639dec8d65f47bc93c5 ; https://nvd.nist.gov/vuln/detail/CVE-2025-8088
CVE-2025-22225,VMware,ESXi,VMware ESXi Arbitrary Write Vulnerability,2025-03-04,2025-03-04,2025-03-25,-1,21,8.2,HIGH,3.1,ALTA,Known,True,No,CWE-787|CWE-123,Analyzed,VMware ESXi contains an arbitrary write vulnerability. Successful exploitation allows an attacker with privileges within the VMX process to trigger an arbitrary kernel write leading to an escape of the sandbox.,"Apply mitigations per vendor instructions, follow applicable BOD 22-01 guidance for cloud services, or discontinue use of the product if mitigations are unavailable.",https://support.broadcom.com/web/ecx/support-content-notification/-/external/content/SecurityAdvisories/0/25390 ; https://nvd.nist.gov/vuln/detail/CVE-2025-22225
CVE-2024-21893,Ivanti,"Connect Secure, Policy Secure, and Neurons","Ivanti Connect Secure, Policy Secure, and Neurons Server-Side Request Forgery (SSRF) Vulnerability",2024-01-31,2024-01-31,2024-02-02,-1,2,8.2,HIGH,3.1,ALTA,Known,True,No,CWE-918,Analyzed,"Ivanti Connect Secure (ICS, formerly known as Pulse Connect Secure), Ivanti Policy Secure, and Ivanti Neurons contain a server-side request forgery (SSRF) vulnerability in the SAML component that allows an attacker to access certain restricted resources without authentication.",Apply mitigations per vendor instructions or discontinue use of the product if mitigations are unavailable.,https://forums.ivanti.com/s/article/KB-CVE-2023-46805-Authentication-Bypass-CVE-2024-21887-Command-Injection-for-Ivanti-Connect-Secure-and-Ivanti-Policy-Secure-Gateways?language=en_US ; https://nvd.nist.gov/vuln/detail/CVE-2024-21893
CVE-2023-46805,Ivanti,Connect Secure and Policy Secure,Ivanti Connect Secure and Policy Secure Authentication Bypass Vulnerability,2024-01-12,2024-01-10,2024-01-22,-3,12,8.2,HIGH,3.1,ALTA,Known,True,No,CWE-287,Analyzed,"Ivanti Connect Secure (ICS, formerly known as Pulse Connect Secure) and Ivanti Policy Secure gateways contain an authentication bypass vulnerability in the web component that allows an attacker to access restricted resources by bypassing control checks. This vulnerability can be leveraged in conjunction with CVE-2024-21887, a command injection vulnerability.",Apply mitigations per vendor instructions or discontinue use of the product if mitigations are unavailable.,"Please apply mitigations per vendor instructions. For more information, please see: https://forums.ivanti.com/s/article/KB-CVE-2023-46805-Authentication-Bypass-CVE-2024-21887-Command-Injection-for-Ivanti-Connect-Secure-and-Ivanti-Policy-Secure-Gateways?language=en_US ;  https://nvd.nist.gov/vuln/detail/CVE-2023-46805"
CVE-2015-2546,Microsoft,Win32k,Microsoft Win32k Memory Corruption Vulnerability,2015-09-09,2022-03-15,2022-04-05,2378,21,8.2,HIGH,3.1,ALTA,Known,True,No,CWE-119,Analyzed,The kernel-mode driver in Microsoft Windows OS and Server allows local users to gain privileges via a crafted application.,Apply updates per vendor instructions.,https://nvd.nist.gov/vuln/detail/CVE-2015-2546
CVE-2025-24472,Fortinet,FortiOS and FortiProxy,Fortinet FortiOS and FortiProxy Authentication Bypass Vulnerability,2025-02-11,2025-03-18,2025-04-08,34,21,8.1,HIGH,3.1,ALTA,Known,True,No,CWE-288,Analyzed, Fortinet FortiOS and FortiProxy contain an authentication bypass vulnerability that allows a remote attacker to gain super-admin privileges via crafted CSF proxy requests.,"Apply mitigations per vendor instructions, follow applicable BOD 22-01 guidance for cloud services, or discontinue use of the product if mitigations are unavailable.",https://fortiguard.fortinet.com/psirt/FG-IR-24-535 ; https://nvd.nist.gov/vuln/detail/CVE-2025-24472
CVE-2024-21412,Microsoft,Windows,Microsoft Windows Internet Shortcut Files Security Feature Bypass Vulnerability,2024-02-13,2024-02-13,2024-03-05,-1,21,8.1,HIGH,3.1,ALTA,Known,True,No,CWE-693,Analyzed,Microsoft Windows Internet Shortcut Files contains an unspecified vulnerability that allows for a security feature bypass.,Apply mitigations per vendor instructions or discontinue use of the product if mitigations are unavailable.,https://msrc.microsoft.com/update-guide/en-US/vulnerability/CVE-2024-21412; https://nvd.nist.gov/vuln/detail/CVE-2024-21412
CVE-2021-27876,Veritas,Backup Exec Agent,Veritas Backup Exec Agent File Access Vulnerability,2021-03-01,2023-04-07,2023-04-28,766,21,8.1,HIGH,3.1,ALTA,Known,True,No,CWE-287,Analyzed,Veritas Backup Exec (BE) Agent contains a file access vulnerability that could allow an attacker to specially craft input parameters on a data management protocol command to access files on the BE Agent machine.,Apply updates per vendor instructions.,https://www.veritas.com/support/en_US/security/VTS21-001; https://nvd.nist.gov/vuln/detail/CVE-2021-27876
CVE-2017-0148,Microsoft,SMBv1 server,Microsoft SMBv1 Server Remote Code Execution Vulnerability,2017-03-17,2022-04-06,2022-04-27,1845,21,8.1,HIGH,3.1,ALTA,Known,True,No,CWE-20,Analyzed,The SMBv1 server in Microsoft allows remote attackers to execute arbitrary code via crafted packets.,Apply updates per vendor instructions.,https://nvd.nist.gov/vuln/detail/CVE-2017-0148
CVE-2017-12615,Apache,Tomcat,Apache Tomcat on Windows Remote Code Execution Vulnerability,2017-09-19,2022-03-25,2022-04-15,1647,21,8.1,HIGH,3.1,ALTA,Known,True,No,CWE-434,Analyzed,"When running Apache Tomcat on Windows with HTTP PUTs enabled, it is possible to upload a JSP file to the server via a specially crafted request. This JSP could then be requested and any code it contained would be executed by the server.",Apply updates per vendor instructions.,https://nvd.nist.gov/vuln/detail/CVE-2017-12615
CVE-2019-1579,Palo Alto Networks,PAN-OS,Palo Alto Networks PAN-OS Remote Code Execution Vulnerability,2019-07-19,2022-01-10,2022-07-10,905,181,8.1,HIGH,3.1,ALTA,Known,True,No,CWE-134,Analyzed,Remote Code Execution in PAN-OS with GlobalProtect Portal or GlobalProtect Gateway Interface enabled.,Apply updates per vendor instructions.,https://nvd.nist.gov/vuln/detail/CVE-2019-1579
CVE-2022-41082,Microsoft,Exchange Server,Microsoft Exchange Server Remote Code Execution Vulnerability,2022-10-03,2022-09-30,2022-10-21,-4,21,8.0,HIGH,3.1,ALTA,Known,True,No,CWE-502,Analyzed,"Microsoft Exchange Server contains an unspecified vulnerability that allows for authenticated remote code execution. Dubbed ""ProxyNotShell,"" this vulnerability is chainable with CVE-2022-41040 which allows for the remote code execution.",Apply updates per vendor instructions.,https://msrc-blog.microsoft.com/2022/09/29/customer-guidance-for-reported-zero-day-vulnerabilities-in-microsoft-exchange-server/;  https://nvd.nist.gov/vuln/detail/CVE-2022-41082
CVE-2026-0257,Palo Alto Networks,PAN-OS,Palo Alto Networks PAN-OS Authentication Bypass Vulnerability,2026-05-13,2026-05-29,2026-06-01,15,3,7.8,HIGH,4.0,ALTA,Known,True,No,CWE-565,Analyzed,Palo Alto Networks PAN-OS contains an authentication bypass vulnerability that allows attackers to bypass security restrictions and establish an unauthorized VPN connection.,"Apply mitigations per vendor instructions, follow applicable BOD 22-01 guidance for cloud services, or discontinue use of the product if mitigations are unavailable.",https://security.paloaltonetworks.com/CVE-2026-0257 ; https://nvd.nist.gov/vuln/detail/CVE-2026-0257
CVE-2026-33825,Microsoft,Defender,Microsoft Defender Insufficient Granularity of Access Control Vulnerability,2026-04-14,2026-04-22,2026-05-06,7,14,7.8,HIGH,3.1,ALTA,Known,True,No,CWE-1220,Analyzed,Microsoft Defender contains an insufficient granularity of access control vulnerability that could allow an authorized attacker to escalate privileges locally.,"Apply mitigations per vendor instructions, follow applicable BOD 22-01 guidance for cloud services, or discontinue use of the product if mitigations are unavailable.",https://msrc.microsoft.com/update-guide/vulnerability/CVE-2026-33825 ; https://nvd.nist.gov/vuln/detail/CVE-2026-33825
CVE-2025-60710,Microsoft,Windows,Microsoft Windows Link Following Vulnerability,2025-11-11,2026-04-13,2026-04-27,152,14,7.8,HIGH,3.1,ALTA,Known,True,No,CWE-59,Analyzed,Microsoft Windows contains a link following vulnerability that allows for privilege escalation,"Apply mitigations per vendor instructions, follow applicable BOD 22-01 guidance for cloud services, or discontinue use of the product if mitigations are unavailable.",https://msrc.microsoft.com/update-guide/vulnerability/CVE-2025-60710 ; https://nvd.nist.gov/vuln/detail/CVE-2025-60710
CVE-2021-43226,Microsoft,Windows,Microsoft Windows Privilege Escalation Vulnerability,2021-12-15,2025-10-06,2025-10-27,1390,21,7.8,HIGH,3.1,ALTA,Known,True,No,,Analyzed,"Microsoft Windows Common Log File System Driver contains a privilege escalation vulnerability that could allow a local, privileged attacker to bypass certain security mechanisms.","Apply mitigations per vendor instructions, follow applicable BOD 22-01 guidance for cloud services, or discontinue use of the product if mitigations are unavailable.",https://msrc.microsoft.com/update-guide/vulnerability/CVE-2021-43226 ; https://nvd.nist.gov/vuln/detail/CVE-2021-43226
CVE-2025-29824,Microsoft,Windows,Microsoft Windows Common Log File System (CLFS) Driver Use-After-Free Vulnerability,2025-04-08,2025-04-08,2025-04-29,-1,21,7.8,HIGH,3.1,ALTA,Known,True,No,CWE-416,Analyzed,Microsoft Windows Common Log File System (CLFS) Driver contains a use-after-free vulnerability that allows an authorized attacker to elevate privileges locally.,"Apply mitigations per vendor instructions, follow applicable BOD 22-01 guidance for cloud services, or discontinue use of the product if mitigations are unavailable.",https://msrc.microsoft.com/update-guide/en-US/vulnerability/CVE-2025-29824 ; https://nvd.nist.gov/vuln/detail/CVE-2025-29824
CVE-2018-8639,Microsoft,Windows,Microsoft Windows Win32k Improper Resource Shutdown or Release Vulnerability,2018-12-12,2025-03-03,2025-03-24,2272,21,7.8,HIGH,3.1,ALTA,Known,True,No,CWE-404,Analyzed,"Microsoft Windows Win32k contains an improper resource shutdown or release vulnerability that allows for local, authenticated privilege escalation. An attacker who successfully exploited this vulnerability could run arbitrary code in kernel mode.","Apply mitigations per vendor instructions, follow applicable BOD 22-01 guidance for cloud services, or discontinue use of the product if mitigations are unavailable.",https://msrc.microsoft.com/update-guide/en-US/advisory/CVE-2018-8639 ; https://nvd.nist.gov/vuln/detail/CVE-2018-8639
CVE-2017-1000253,Linux,Kernel,Linux Kernel PIE Stack Buffer Corruption Vulnerability ,2017-10-05,2024-09-09,2024-09-30,2530,21,7.8,HIGH,3.1,ALTA,Known,True,No,CWE-119,Analyzed,Linux kernel contains a position-independent executable (PIE) stack buffer corruption vulnerability in load_elf_ binary() that allows a local attacker to escalate privileges. ,Apply mitigations per vendor instructions or discontinue use of the product if mitigations are unavailable.,"This vulnerability affects a common open-source component, third-party library, or a protocol used by different products. For more information, please see: https://git.kernel.org/pub/scm/linux/kernel/git/torvalds/linux.git/commit/?id=a87938b2e246b81b4fb713edb371a9fa3c5c3c86; https://nvd.nist.gov/vuln/detail/CVE-2017-1000253"
CVE-2024-26169,Microsoft,Windows,Microsoft Windows Error Reporting Service Improper Privilege Management Vulnerability,2024-03-12,2024-06-13,2024-07-04,92,21,7.8,HIGH,3.1,ALTA,Known,True,No,CWE-269,Analyzed,Microsoft Windows Error Reporting Service contains an improper privilege management vulnerability that allows a local attacker with user permissions to gain SYSTEM privileges.,Apply updates per vendor instructions or discontinue use of the product if updates are unavailable.,https://msrc.microsoft.com/update-guide/vulnerability/CVE-2024-26169; https://nvd.nist.gov/vuln/detail/CVE-2024-26169
CVE-2024-1086,Linux,Kernel,Linux Kernel Use-After-Free Vulnerability,2024-01-31,2024-05-30,2024-06-20,119,21,7.8,HIGH,3.1,ALTA,Known,True,No,CWE-416,Analyzed,Linux kernel contains a use-after-free vulnerability in the netfilter: nf_tables component that allows an attacker to achieve local privilege escalation.,Apply mitigations per vendor instructions or discontinue use of the product if mitigations are unavailable.,"This vulnerability affects a common open-source component, third-party library, or a protocol used by different products. Please check with specific vendors for information on patching status. For more information, please see: https://git.kernel.org/pub/scm/linux/kernel/git/torvalds/linux.git/commit/?id=f342de4e2f33e0e39165d8639387aa6c19dff660;   https://nvd.nist.gov/vuln/detail/CVE-2024-1086"
CVE-2024-30051,Microsoft,DWM Core Library, Microsoft DWM Core Library Privilege Escalation Vulnerability,2024-05-14,2024-05-14,2024-06-04,-1,21,7.8,HIGH,3.1,ALTA,Known,True,No,CWE-122|CWE-787,Analyzed,Microsoft DWM Core Library contains a privilege escalation vulnerability that allows an attacker to gain SYSTEM privileges.,Apply mitigations per vendor instructions or discontinue use of the product if mitigations are unavailable.,https://msrc.microsoft.com/update-guide/vulnerability/CVE-2024-30051; https://nvd.nist.gov/vuln/detail/CVE-2024-30051
CVE-2024-21338,Microsoft,Windows,Microsoft Windows Kernel Exposed IOCTL with Insufficient Access Control Vulnerability,2024-02-13,2024-03-04,2024-03-25,19,21,7.8,HIGH,3.1,ALTA,Known,True,No,CWE-822,Analyzed,Microsoft Windows Kernel contains an exposed IOCTL with insufficient access control vulnerability within the IOCTL (input and output control) dispatcher in appid.sys that allows a local attacker to achieve privilege escalation.,Apply mitigations per vendor instructions or discontinue use of the product if mitigations are unavailable.,https://msrc.microsoft.com/update-guide/vulnerability/CVE-2024-21338; https://nvd.nist.gov/vuln/detail/CVE-2024-21338
CVE-2023-38831,RARLAB,WinRAR,RARLAB WinRAR Code Execution Vulnerability,2023-08-23,2023-08-24,2023-09-14,0,21,7.8,HIGH,3.1,ALTA,Known,True,No,CWE-345|CWE-351,Analyzed,RARLAB WinRAR contains an unspecified vulnerability that allows an attacker to execute code when a user attempts to view a benign file within a ZIP archive.,Apply mitigations per vendor instructions or discontinue use of the product if mitigations are unavailable.,http://www.win-rar.com/singlenewsview.html?&L=0&tx_ttnews%5Btt_news%5D=232&cHash=c5bf79590657e32554c6683296a8e8aa;  https://nvd.nist.gov/vuln/detail/CVE-2023-38831
CVE-2023-28252,Microsoft,Windows,Microsoft Windows Common Log File System (CLFS) Driver Privilege Escalation Vulnerability,2023-04-11,2023-04-11,2023-05-02,-1,21,7.8,HIGH,3.1,ALTA,Known,True,No,CWE-122|CWE-787,Analyzed,Microsoft Windows Common Log File System (CLFS) driver contains an unspecified vulnerability that allows for privilege escalation.,Apply updates per vendor instructions.,https://msrc.microsoft.com/update-guide/en-US/vulnerability/CVE-2023-28252;  https://nvd.nist.gov/vuln/detail/CVE-2023-28252
CVE-2019-1388,Microsoft,Windows,Microsoft Windows Certificate Dialog Privilege Escalation Vulnerability,2019-11-12,2023-04-07,2023-04-28,1241,21,7.8,HIGH,3.1,ALTA,Known,True,No,CWE-269,Analyzed,"Microsoft Windows Certificate Dialog contains a privilege escalation vulnerability, allowing attackers to run processes in an elevated context.",Apply updates per vendor instructions.,https://portal.msrc.microsoft.com/en-US/security-guidance/advisory/CVE-2019-1388; https://nvd.nist.gov/vuln/detail/CVE-2019-1388
CVE-2023-23376,Microsoft,Windows,Microsoft Windows Common Log File System (CLFS) Driver Privilege Escalation Vulnerability,2023-02-14,2023-02-14,2023-03-07,-1,21,7.8,HIGH,3.1,ALTA,Known,True,No,CWE-122|CWE-787,Analyzed,Microsoft Windows Common Log File System (CLFS) driver contains an unspecified vulnerability that allows for privilege escalation.,Apply updates per vendor instructions.,https://msrc.microsoft.com/update-guide/en-US/vulnerability/CVE-2023-23376;  https://nvd.nist.gov/vuln/detail/CVE-2023-23376
CVE-2015-2291,Intel,Ethernet Diagnostics Driver for Windows,Intel Ethernet Diagnostics Driver for Windows Denial-of-Service Vulnerability,2017-08-09,2023-02-10,2023-03-03,2010,21,7.8,HIGH,3.1,ALTA,Known,True,No,CWE-20,Analyzed,Intel ethernet diagnostics driver for Windows IQVW32.sys and IQVW64.sys contain an unspecified vulnerability that allows for a denial-of-service (DoS).,Apply updates per vendor instructions.,https://www.intel.com/content/www/us/en/security-center/advisory/intel-sa-00051.html; https://nvd.nist.gov/vuln/detail/CVE-2015-2291
CVE-2022-41073,Microsoft,Windows,Microsoft Windows Print Spooler Privilege Escalation Vulnerability,2022-11-09,2022-11-08,2022-12-09,-2,31,7.8,HIGH,3.1,ALTA,Known,True,No,CWE-787,Analyzed,Microsoft Windows Print Spooler contains an unspecified vulnerability that allows an attacker to gain SYSTEM-level privileges.,Apply updates per vendor instructions.,https://portal.msrc.microsoft.com/en-US/security-guidance/advisory/CVE-2022-41073;  https://nvd.nist.gov/vuln/detail/CVE-2022-41073
CVE-2018-19320,GIGABYTE,Multiple Products,GIGABYTE Multiple Products Unspecified Vulnerability,2018-12-21,2022-10-24,2022-11-14,1402,21,7.8,HIGH,3.1,ALTA,Known,True,No,,Analyzed,"The GDrv low-level driver in GIGABYTE App Center, AORUS Graphics Engine, XTREME Gaming Engine, and OC GURU II exposes ring0 memcpy-like functionality that could allow a local attacker to take complete control of the affected system.",Apply updates per vendor instructions.,https://www.gigabyte.com/Support/Security/1801; https://nvd.nist.gov/vuln/detail/CVE-2018-19320
CVE-2018-19321,GIGABYTE,Multiple Products,GIGABYTE Multiple Products Privilege Escalation Vulnerability,2018-12-21,2022-10-24,2022-11-14,1402,21,7.8,HIGH,3.1,ALTA,Known,True,No,,Analyzed,"The GPCIDrv and GDrv low-level drivers in GIGABYTE App Center, AORUS Graphics Engine, XTREME Gaming Engine, and OC GURU II expose functionality to read and write arbitrary physical memory. This could be leveraged by a local attacker to elevate privileges.",Apply updates per vendor instructions.,https://www.gigabyte.com/Support/Security/1801; https://nvd.nist.gov/vuln/detail/CVE-2018-19321
CVE-2018-19322,GIGABYTE,Multiple Products,GIGABYTE Multiple Products Code Execution Vulnerability,2018-12-21,2022-10-24,2022-11-14,1402,21,7.8,HIGH,3.1,ALTA,Known,True,No,CWE-749,Analyzed,"The GPCIDrv and GDrv low-level drivers in GIGABYTE App Center, AORUS Graphics Engine, XTREME Gaming Engine, and OC GURU II expose functionality to read/write data from/to IO ports. This could be leveraged in a number of ways to ultimately run code with elevated privileges.",Apply updates per vendor instructions.,https://www.gigabyte.com/Support/Security/1801; https://nvd.nist.gov/vuln/detail/CVE-2018-19322
CVE-2020-3433,Cisco,AnyConnect Secure,Cisco AnyConnect Secure Mobility Client for Windows DLL Hijacking Vulnerability,2020-08-17,2022-10-24,2022-11-14,797,21,7.8,HIGH,3.1,ALTA,Known,True,No,CWE-427,Analyzed,Cisco AnyConnect Secure Mobility Client for Windows interprocess communication (IPC) channel allows for insufficient validation of resources that are loaded by the application at run time. An attacker with valid credentials on Windows could execute code on the affected machine with SYSTEM privileges.,Apply updates per vendor instructions.,https://tools.cisco.com/security/center/content/CiscoSecurityAdvisory/cisco-sa-anyconnect-dll-F26WwJW; https://nvd.nist.gov/vuln/detail/CVE-2020-3433
CVE-2022-37969,Microsoft,Windows,Microsoft Windows Common Log File System (CLFS) Driver Privilege Escalation Vulnerability,2022-09-13,2022-09-14,2022-10-05,0,21,7.8,HIGH,3.1,ALTA,Known,True,No,CWE-787,Analyzed,Microsoft Windows Common Log File System (CLFS) driver contains an unspecified vulnerability that allows for privilege escalation.,Apply updates per vendor instructions.,https://msrc.microsoft.com/update-guide/en-US/vulnerability/CVE-2022-37969;  https://nvd.nist.gov/vuln/detail/CVE-2022-37969
CVE-2021-4034,Red Hat,Polkit,Red Hat Polkit Out-of-Bounds Read and Write Vulnerability,2022-01-28,2022-06-27,2022-07-18,149,21,7.8,HIGH,3.1,ALTA,Known,True,No,CWE-787|CWE-125,Analyzed,The Red Hat polkit pkexec utility contains an out-of-bounds read and write vulnerability that allows for privilege escalation with administrative rights.,Apply updates per vendor instructions.,https://nvd.nist.gov/vuln/detail/CVE-2021-4034
CVE-2022-30190,Microsoft,Windows,Microsoft Windows Support Diagnostic Tool (MSDT) Remote Code Execution Vulnerability,2022-06-01,2022-06-14,2022-07-05,12,21,7.8,HIGH,3.1,ALTA,Known,True,No,CWE-610,Analyzed,A remote code execution vulnerability exists when MSDT is called using the URL protocol from a calling application such as Word. An attacker who successfully exploits this vulnerability can run code with the privileges of the calling application.,Apply updates per vendor instructions.,https://nvd.nist.gov/vuln/detail/CVE-2022-30190
CVE-2013-0074,Microsoft,Silverlight,Microsoft Silverlight Double Dereference Vulnerability,2013-03-13,2022-05-25,2022-06-15,3359,21,7.8,HIGH,3.1,ALTA,Known,True,No,,Analyzed,"Microsoft Silverlight does not properly validate pointers during HTML object rendering, which allows remote attackers to execute code via a crafted Silverlight application.",The impacted product is end-of-life and should be disconnected if still in use.,https://nvd.nist.gov/vuln/detail/CVE-2013-0074
CVE-2019-1130,Microsoft,Windows,Microsoft Windows AppX Deployment Service Privilege Escalation Vulnerability,2019-07-15,2022-05-23,2022-06-13,1042,21,7.8,HIGH,3.1,ALTA,Known,True,No,CWE-59,Analyzed,A privilege escalation vulnerability exists when Windows AppX Deployment Service (AppXSVC) improperly handles hard links.,Apply updates per vendor instructions.,https://nvd.nist.gov/vuln/detail/CVE-2019-1130
CVE-2019-1385,Microsoft,Windows,Microsoft Windows AppX Deployment Extensions Privilege Escalation Vulnerability,2019-11-12,2022-05-23,2022-06-13,922,21,7.8,HIGH,3.1,ALTA,Known,True,No,CWE-59,Analyzed,"A privilege escalation vulnerability exists when the Windows AppX Deployment Extensions improperly performs privilege management, resulting in access to system files.",Apply updates per vendor instructions.,https://nvd.nist.gov/vuln/detail/CVE-2019-1385
CVE-2020-0638,Microsoft,Update Notification Manager,Microsoft Update Notification Manager Privilege Escalation Vulnerability,2020-01-14,2022-05-23,2022-06-13,859,21,7.8,HIGH,3.1,ALTA,Known,True,No,CWE-59,Analyzed,Microsoft Update Notification Manager contains an unspecified vulnerability that allows for privilege escalation.,Apply updates per vendor instructions.,https://nvd.nist.gov/vuln/detail/CVE-2020-0638
CVE-2022-24521,Microsoft,Windows,Microsoft Windows CLFS Driver Privilege Escalation Vulnerability,2022-04-15,2022-04-13,2022-05-04,-3,21,7.8,HIGH,3.1,ALTA,Known,True,No,CWE-787,Analyzed,Microsoft Windows Common Log File System (CLFS) Driver contains an unspecified vulnerability that allows for privilege escalation.,Apply updates per vendor instructions.,https://nvd.nist.gov/vuln/detail/CVE-2022-24521
CVE-2016-0151,Microsoft,Client-Server Run-time Subsystem (CSRSS),Microsoft Windows CSRSS Security Feature Bypass Vulnerability,2016-04-12,2022-03-28,2022-04-18,2175,21,7.8,HIGH,3.1,ALTA,Known,True,No,CWE-269,Analyzed,"The Client-Server Run-time Subsystem (CSRSS) in Microsoft mismanages process tokens, which allows local users to gain privileges via a crafted application.",Apply updates per vendor instructions.,https://nvd.nist.gov/vuln/detail/CVE-2016-0151
CVE-2018-8405,Microsoft,DirectX Graphics Kernel (DXGKRNL),Microsoft DirectX Graphics Kernel Privilege Escalation Vulnerability,2018-08-15,2022-03-28,2022-04-18,1320,21,7.8,HIGH,3.1,ALTA,Known,True,No,CWE-404,Analyzed,An elevation of privilege vulnerability exists when the DirectX Graphics Kernel (DXGKRNL) driver improperly handles objects in memory.,Apply updates per vendor instructions.,https://nvd.nist.gov/vuln/detail/CVE-2018-8405
CVE-2018-8406,Microsoft,DirectX Graphics Kernel (DXGKRNL),Microsoft DirectX Graphics Kernel Privilege Escalation Vulnerability,2018-08-15,2022-03-28,2022-04-18,1320,21,7.8,HIGH,3.1,ALTA,Known,True,No,CWE-404,Analyzed,An elevation of privilege vulnerability exists when the DirectX Graphics Kernel (DXGKRNL) driver improperly handles objects in memory.,Apply updates per vendor instructions.,https://nvd.nist.gov/vuln/detail/CVE-2018-8406
CVE-2018-8440,Microsoft,Windows,Microsoft Windows Privilege Escalation Vulnerability,2018-09-13,2022-03-28,2022-04-18,1291,21,7.8,HIGH,3.1,ALTA,Known,True,No,,Analyzed,An elevation of privilege vulnerability exists when Windows improperly handles calls to Advanced Local Procedure Call (ALPC).,Apply updates per vendor instructions.,https://nvd.nist.gov/vuln/detail/CVE-2018-8440
CVE-2021-38646,Microsoft,Office,Microsoft Office Access Connectivity Engine Remote Code Execution Vulnerability,2021-09-15,2022-03-28,2022-04-18,193,21,7.8,HIGH,3.1,ALTA,Known,True,No,,Analyzed,Microsoft Office Access Connectivity Engine contains an unspecified vulnerability which can allow for remote code execution.,Apply updates per vendor instructions.,https://nvd.nist.gov/vuln/detail/CVE-2021-38646
CVE-2022-21999,Microsoft,Windows,Microsoft Windows Print Spooler Privilege Escalation Vulnerability,2022-02-09,2022-03-25,2022-04-15,43,21,7.8,HIGH,3.1,ALTA,Known,True,No,CWE-22|CWE-59,Analyzed,Microsoft Windows Print Spooler contains an unspecified vulnerability which can allow for privilege escalation.,Apply updates per vendor instructions.,https://nvd.nist.gov/vuln/detail/CVE-2022-21999
CVE-2016-3309,Microsoft,Windows,Microsoft Windows Kernel Privilege Escalation Vulnerability,2016-08-09,2022-03-15,2022-04-05,2043,21,7.8,HIGH,3.1,ALTA,Known,True,No,CWE-264,Analyzed,A privilege escalation vulnerability exists when the Windows kernel fails to properly handle objects in memory. An attacker who successfully exploited this vulnerability could run arbitrary code in kernel mode.,Apply updates per vendor instructions.,https://nvd.nist.gov/vuln/detail/CVE-2016-3309
CVE-2017-0101,Microsoft,Windows,Microsoft Windows Transaction Manager Privilege Escalation Vulnerability,2017-03-17,2022-03-15,2022-04-05,1823,21,7.8,HIGH,3.1,ALTA,Known,True,No,CWE-119,Analyzed,A privilege escalation vulnerability exists when the Windows Transaction Manager improperly handles objects in memory.,Apply updates per vendor instructions.,https://nvd.nist.gov/vuln/detail/CVE-2017-0101
CVE-2019-0543,Microsoft,Windows,Microsoft Windows Privilege Escalation Vulnerability,2019-01-08,2022-03-15,2022-04-05,1161,21,7.8,HIGH,3.1,ALTA,Known,True,No,CWE-287,Analyzed,A privilege escalation vulnerability exists when Windows improperly handles authentication requests. An attacker who successfully exploited this vulnerability could run processes in an elevated context.,Apply updates per vendor instructions.,https://nvd.nist.gov/vuln/detail/CVE-2019-0543
CVE-2019-0841,Microsoft,Windows,Microsoft Windows AppX Deployment Service (AppXSVC) Privilege Escalation Vulnerability,2019-04-09,2022-03-15,2022-04-05,1070,21,7.8,HIGH,3.1,ALTA,Known,True,No,CWE-59,Analyzed,A privilege escalation vulnerability exists when Windows AppXSVC improperly handles hard links. An attacker who successfully exploited this vulnerability could run processes in an elevated context.,Apply updates per vendor instructions.,https://nvd.nist.gov/vuln/detail/CVE-2019-0841
CVE-2019-1064,Microsoft,Windows,Microsoft Windows AppX Deployment Service (AppXSVC) Privilege Escalation Vulnerability,2019-06-12,2022-03-15,2022-04-05,1006,21,7.8,HIGH,3.1,ALTA,Known,True,No,CWE-59,Analyzed,A privilege escalation vulnerability exists when Windows AppXSVC improperly handles hard links. An attacker who successfully exploited this vulnerability could run processes in an elevated context.,Apply updates per vendor instructions.,https://nvd.nist.gov/vuln/detail/CVE-2019-1064
CVE-2019-1069,Microsoft,Task Scheduler,Microsoft Task Scheduler Privilege Escalation Vulnerability,2019-06-12,2022-03-15,2022-04-05,1006,21,7.8,HIGH,3.1,ALTA,Known,True,No,CWE-59,Analyzed,A privilege escalation vulnerability exists in the way the Task Scheduler Service validates certain file operations.,Apply updates per vendor instructions.,https://nvd.nist.gov/vuln/detail/CVE-2019-1069
CVE-2019-1129,Microsoft,Windows,Microsoft Windows AppX Deployment Service (AppXSVC) Privilege Escalation Vulnerability,2019-07-15,2022-03-15,2022-04-05,973,21,7.8,HIGH,3.1,ALTA,Known,True,No,CWE-59,Analyzed,A privilege escalation vulnerability exists when Windows AppXSVC improperly handles hard links. An attacker who successfully exploited this vulnerability could run processes in an elevated context.,Apply updates per vendor instructions.,https://nvd.nist.gov/vuln/detail/CVE-2019-1129
CVE-2019-1253,Microsoft,Windows,Microsoft Windows AppX Deployment Server Privilege Escalation Vulnerability,2019-09-11,2022-03-15,2022-04-05,915,21,7.8,HIGH,3.1,ALTA,Known,True,No,CWE-59,Analyzed,A privilege escalation vulnerability exists when the Windows AppX Deployment Server improperly handles junctions.,Apply updates per vendor instructions.,https://nvd.nist.gov/vuln/detail/CVE-2019-1253
CVE-2019-1315,Microsoft,Windows,Microsoft Windows Error Reporting Manager Privilege Escalation Vulnerability,2019-10-10,2022-03-15,2022-04-05,886,21,7.8,HIGH,3.1,ALTA,Known,True,No,CWE-59,Analyzed,A privilege escalation vulnerability exists when Windows Error Reporting manager improperly handles hard links. An attacker who successfully exploited this vulnerability could overwrite a targeted file leading to an elevated status.,Apply updates per vendor instructions.,https://nvd.nist.gov/vuln/detail/CVE-2019-1315
CVE-2019-1322,Microsoft,Windows,Microsoft Windows Privilege Escalation Vulnerability,2019-10-10,2022-03-15,2022-04-05,886,21,7.8,HIGH,3.1,ALTA,Known,True,No,,Analyzed,A privilege escalation vulnerability exists when Windows improperly handles authentication requests. An attacker who successfully exploited this vulnerability could run processes in an elevated context.,Apply updates per vendor instructions.,https://nvd.nist.gov/vuln/detail/CVE-2019-1322
CVE-2019-1405,Microsoft,Windows,Microsoft Windows Universal Plug and Play (UPnP) Service Privilege Escalation Vulnerability,2019-11-12,2022-03-15,2022-04-05,853,21,7.8,HIGH,3.1,ALTA,Known,True,No,CWE-269,Analyzed,A privilege escalation vulnerability exists when the Windows UPnP service improperly allows COM object creation.,Apply updates per vendor instructions.,https://nvd.nist.gov/vuln/detail/CVE-2019-1405
CVE-2008-2992,Adobe,Acrobat and Reader,Adobe Reader and Acrobat Input Validation Vulnerability,2008-11-04,2022-03-03,2022-03-24,4866,21,7.8,HIGH,3.1,ALTA,Known,True,No,CWE-787,Analyzed,Adobe Acrobat and Reader contain an input validation issue in a JavaScript method that could potentially lead to remote code execution.,Apply updates per vendor instructions.,https://nvd.nist.gov/vuln/detail/CVE-2008-2992
CVE-2010-0188,Adobe,Reader and Acrobat,Adobe Reader and Acrobat Arbitrary Code Execution Vulnerability,2010-02-22,2022-03-03,2022-03-24,4391,21,7.8,HIGH,3.1,ALTA,Known,True,No,CWE-94,Analyzed,Unspecified vulnerability in Adobe Reader and Acrobat allows attackers to cause a denial of service or possibly execute arbitrary code.,Apply updates per vendor instructions.,https://nvd.nist.gov/vuln/detail/CVE-2010-0188
CVE-2015-1701,Microsoft,Win32k,Microsoft Win32k Privilege Escalation Vulnerability,2015-04-21,2022-03-03,2022-03-24,2507,21,7.8,HIGH,3.1,ALTA,Known,True,No,CWE-264,Analyzed,An unspecified vulnerability exists in the Win32k.sys kernel-mode driver in Microsoft Windows Server that allows a local attacker to execute arbitrary code with elevated privileges.,Apply updates per vendor instructions.,https://nvd.nist.gov/vuln/detail/CVE-2015-1701
CVE-2015-7645,Adobe,Flash Player,Adobe Flash Player Arbitrary Code Execution Vulnerability,2015-10-15,2022-03-03,2022-03-24,2330,21,7.8,HIGH,3.1,ALTA,Known,True,No,,Analyzed,Adobe Flash Player allows remote attackers to execute arbitrary code via a crafted SWF file.,The impacted product is end-of-life and should be disconnected if still in use.,https://nvd.nist.gov/vuln/detail/CVE-2015-7645
CVE-2016-0099,Microsoft,Windows,Microsoft Windows Secondary Logon Service Privilege Escalation Vulnerability,2016-03-09,2022-03-03,2022-03-24,2184,21,7.8,HIGH,3.1,ALTA,Known,True,No,CWE-120,Analyzed,A privilege escalation vulnerability exists in Microsoft Windows if the Windows Secondary Logon Service fails to properly manage request handles in memory. An attacker who successfully exploited this vulnerability could run arbitrary code as an administrator.,Apply updates per vendor instructions.,https://nvd.nist.gov/vuln/detail/CVE-2016-0099
CVE-2018-15982,Adobe,Flash Player,Adobe Flash Player Use-After-Free Vulnerability,2019-01-18,2022-02-15,2022-08-15,1123,181,7.8,HIGH,3.1,ALTA,Known,True,No,CWE-416,Analyzed,Adobe Flash Player com.adobe.tvsdk.mediacore.metadata Use After Free Vulnerability,The impacted product is end-of-life and should be disconnected if still in use.,https://nvd.nist.gov/vuln/detail/CVE-2018-15982
CVE-2018-20250,RARLAB,WinRAR,WinRAR Absolute Path Traversal Vulnerability,2019-02-05,2022-02-15,2022-08-15,1105,181,7.8,HIGH,3.1,ALTA,Known,True,No,CWE-36|CWE-22,Analyzed,WinRAR Absolute Path Traversal vulnerability leads to Remote Code Execution,Apply updates per vendor instructions.,https://nvd.nist.gov/vuln/detail/CVE-2018-20250
CVE-2022-21882,Microsoft,Win32k,Microsoft Win32k Privilege Escalation Vulnerability,2022-01-11,2022-02-04,2022-02-18,23,14,7.8,HIGH,3.1,ALTA,Known,True,No,CWE-787,Analyzed,Microsoft Win32k contains an unspecified vulnerability that allows for privilege escalation.,Apply updates per vendor instructions.,https://nvd.nist.gov/vuln/detail/CVE-2022-21882
CVE-2020-0787,Microsoft,Windows,Microsoft Windows Background Intelligent Transfer Service (BITS) Improper Privilege Management Vulnerability,2020-03-12,2022-01-28,2022-07-28,686,181,7.8,HIGH,3.1,ALTA,Known,True,No,CWE-59,Analyzed,Microsoft Windows BITS is vulnerable to to a privilege elevation vulnerability if it improperly handles symbolic links. An actor can exploit this vulnerability to execute arbitrary code with system-level privileges.,Apply updates per vendor instructions.,https://nvd.nist.gov/vuln/detail/CVE-2020-0787
CVE-2018-8453,Microsoft,Win32k,Microsoft Win32k Privilege Escalation Vulnerability,2018-10-10,2022-01-21,2022-07-21,1198,181,7.8,HIGH,3.1,ALTA,Known,True,No,CWE-404,Analyzed,Microsoft Windows Win32k contains a vulnerability that allows an attacker to escalate privileges.,Apply updates per vendor instructions.,https://nvd.nist.gov/vuln/detail/CVE-2018-8453
CVE-2019-1458,Microsoft,Win32k,Microsoft Win32k Privilege Escalation Vulnerability,2019-12-10,2022-01-10,2022-07-10,761,181,7.8,HIGH,3.1,ALTA,Known,True,No,,Analyzed,"A privilege escalation vulnerability exists in Windows when the Win32k component fails to properly handle objects in memory, aka 'Win32k EoP.",Apply updates per vendor instructions.,https://nvd.nist.gov/vuln/detail/CVE-2019-1458
CVE-2021-40449,Microsoft,Windows,Microsoft Windows Win32k Privilege Escalation Vulnerability,2021-10-13,2021-11-17,2021-12-01,34,14,7.8,HIGH,3.1,ALTA,Known,True,No,CWE-416,Analyzed,Unspecified vulnerability allows for an authenticated user to escalate privileges.,Apply updates per vendor instructions.,https://nvd.nist.gov/vuln/detail/CVE-2021-40449
CVE-2016-0167,Microsoft,Win32k,Microsoft Win32k Privilege Escalation Vulnerability,2016-04-12,2021-11-03,2022-05-03,2030,181,7.8,HIGH,3.1,ALTA,Known,True,No,CWE-264,Analyzed,Microsoft Win32k contains an unspecified vulnerability that allows for privilege escalation via a crafted application,Apply updates per vendor instructions.,https://nvd.nist.gov/vuln/detail/CVE-2016-0167
CVE-2016-7255,Microsoft,Win32k,Microsoft Win32k Privilege Escalation Vulnerability,2016-11-10,2021-11-03,2022-05-03,1818,181,7.8,HIGH,3.1,ALTA,Known,True,No,CWE-264,Analyzed,Microsoft Win32k kernel-mode driver fails to properly handle objects in memory which allows for privilege escalation. Successful exploitation allows an attacker to run code in kernel mode.,Apply updates per vendor instructions.,https://nvd.nist.gov/vuln/detail/CVE-2016-7255
CVE-2017-0199,Microsoft,Office and WordPad,Microsoft Office and WordPad Remote Code Execution Vulnerability,2017-04-12,2021-11-03,2022-05-03,1665,181,7.8,HIGH,3.1,ALTA,Known,True,No,,Analyzed,Microsoft Office and WordPad contain an unspecified vulnerability due to the way the applications parse specially crafted files. Successful exploitation allows for remote code execution.,Apply updates per vendor instructions.,https://nvd.nist.gov/vuln/detail/CVE-2017-0199
CVE-2017-11882,Microsoft,Office,Microsoft Office Memory Corruption Vulnerability,2017-11-15,2021-11-03,2022-05-03,1448,181,7.8,HIGH,3.1,ALTA,Known,True,No,CWE-119,Analyzed,Microsoft Office contains a memory corruption vulnerability that allows remote code execution in the context of the current user.,Apply updates per vendor instructions.,https://nvd.nist.gov/vuln/detail/CVE-2017-11882
CVE-2018-0802,Microsoft,Office,Microsoft Office Memory Corruption Vulnerability,2018-01-10,2021-11-03,2022-05-03,1392,181,7.8,HIGH,3.1,ALTA,Known,True,No,CWE-787,Analyzed,Microsoft Office contains a memory corruption vulnerability due to the way objects are handled in memory. Successful exploitation allows for remote code execution in the context of the current user. This vulnerability is known to be chained with CVE-2018-0798.,Apply updates per vendor instructions.,https://nvd.nist.gov/vuln/detail/CVE-2018-0802
CVE-2018-4878,Adobe,Flash Player,Adobe Flash Player Use-After-Free Vulnerability,2018-02-06,2021-11-03,2022-05-03,1365,181,7.8,HIGH,3.1,ALTA,Known,True,No,CWE-416,Analyzed,Adobe Flash Player contains a use-after-free vulnerability that could allow for code execution.,The impacted product is end-of-life and should be disconnected if still in use.,https://nvd.nist.gov/vuln/detail/CVE-2018-4878
CVE-2019-0803,Microsoft,Win32k,Microsoft Win32k Privilege Escalation Vulnerability,2019-04-09,2021-11-03,2022-05-03,938,181,7.8,HIGH,3.1,ALTA,Known,True,No,,Analyzed,Microsoft Win32k contains an unspecified vulnerability due to it failing to properly handle objects in memory causing privilege escalation. Successful exploitation allows an attacker to run code in kernel mode.,Apply updates per vendor instructions.,https://nvd.nist.gov/vuln/detail/CVE-2019-0803
CVE-2019-0859,Microsoft,Win32k,Microsoft Win32k Privilege Escalation Vulnerability,2019-04-09,2021-11-03,2022-05-03,938,181,7.8,HIGH,3.1,ALTA,Known,True,No,,Analyzed,Microsoft Win32k fails to properly handle objects in memory causing privilege escalation. Successful exploitation allows an attacker to run code in kernel mode.,Apply updates per vendor instructions.,https://nvd.nist.gov/vuln/detail/CVE-2019-0859
CVE-2019-1215,Microsoft,Windows,Microsoft Windows Privilege Escalation Vulnerability,2019-09-11,2021-11-03,2022-05-03,783,181,7.8,HIGH,3.1,ALTA,Known,True,No,CWE-269,Analyzed,"Microsoft Windows contains an unspecified vulnerability due to the way ws2ifsl.sys (Winsock) handles objects in memory, allowing for privilege escalation. Successful exploitation allows an attacker to execute code with elevated privileges.",Apply updates per vendor instructions.,https://nvd.nist.gov/vuln/detail/CVE-2019-1215
CVE-2021-1675,Microsoft,Windows,Microsoft Windows Print Spooler Remote Code Execution Vulnerability,2021-06-08,2021-11-03,2021-11-17,147,14,7.8,HIGH,3.1,ALTA,Known,True,No,CWE-285,Analyzed,Microsoft Windows Print Spooler contains an unspecified vulnerability that allows for remote code execution.,Apply updates per vendor instructions.,https://nvd.nist.gov/vuln/detail/CVE-2021-1675
CVE-2021-1732,Microsoft,Win32k,Microsoft Win32k Privilege Escalation Vulnerability,2021-02-25,2021-11-03,2021-11-17,250,14,7.8,HIGH,3.1,ALTA,Known,True,No,CWE-787,Analyzed,Microsoft Win32k contains an unspecified vulnerability that allows for privilege escalation.,Apply updates per vendor instructions.,https://nvd.nist.gov/vuln/detail/CVE-2021-1732
CVE-2021-26857,Microsoft,Exchange Server,Microsoft Exchange Server Remote Code Execution Vulnerability,2021-03-03,2021-11-03,2022-05-03,244,181,7.8,HIGH,3.1,ALTA,Known,True,No,CWE-502,Analyzed,Microsoft Exchange Server contains an unspecified vulnerability that allows for remote code execution. This vulnerability is part of the ProxyLogon exploit chain.,Apply updates per vendor instructions.,Reference CISA's ED 21-02 (https://www.cisa.gov/news-events/directives/ed-21-02-mitigate-microsoft-exchange-premises-product-vulnerabilities) for further guidance and requirements. Note: The due date for addressing this vulnerability aligns with the requirements outlined in ED 21-02. https://nvd.nist.gov/vuln/detail/CVE-2021-26857
CVE-2021-26858,Microsoft,Exchange Server,Microsoft Exchange Server Remote Code Execution Vulnerability,2021-03-03,2021-11-03,2022-05-03,244,181,7.8,HIGH,3.1,ALTA,Known,True,No,,Analyzed,Microsoft Exchange Server contains an unspecified vulnerability that allows for remote code execution. This vulnerability is part of the ProxyLogon exploit chain.,Apply updates per vendor instructions.,Reference CISA's ED 21-02 (https://www.cisa.gov/news-events/directives/ed-21-02-mitigate-microsoft-exchange-premises-product-vulnerabilities) for further guidance and requirements. Note: The due date for addressing this vulnerability aligns with the requirements outlined in ED 21-02. https://nvd.nist.gov/vuln/detail/CVE-2021-26858
CVE-2021-27065,Microsoft,Exchange Server,Microsoft Exchange Server Remote Code Execution Vulnerability,2021-03-03,2021-11-03,2022-05-03,244,181,7.8,HIGH,3.1,ALTA,Known,True,No,CWE-22,Analyzed,Microsoft Exchange Server contains an unspecified vulnerability that allows for remote code execution. This vulnerability is part of the ProxyLogon exploit chain.,Apply updates per vendor instructions.,Reference CISA's ED 21-02 (https://www.cisa.gov/news-events/directives/ed-21-02-mitigate-microsoft-exchange-premises-product-vulnerabilities) for further guidance and requirements. Note: The due date for addressing this vulnerability aligns with the requirements outlined in ED 21-02. https://nvd.nist.gov/vuln/detail/CVE-2021-27065
CVE-2021-27102,Accellion,FTA,Accellion FTA OS Command Injection Vulnerability,2021-02-16,2021-11-03,2021-11-17,259,14,7.8,HIGH,3.1,ALTA,Known,True,No,CWE-78,Analyzed,Accellion FTA contains an OS command injection vulnerability exploited via a local web service call.,Apply updates per vendor instructions.,https://nvd.nist.gov/vuln/detail/CVE-2021-27102
CVE-2021-36955,Microsoft,Windows,Microsoft Windows Common Log File System (CLFS) Driver Privilege Escalation Vulnerability,2021-09-15,2021-11-03,2021-11-17,48,14,7.8,HIGH,3.1,ALTA,Known,True,No,,Analyzed,Microsoft Windows Common Log File System (CLFS) driver contains an unspecified vulnerability that allows for privilege escalation.,Apply updates per vendor instructions.,https://nvd.nist.gov/vuln/detail/CVE-2021-36955
CVE-2023-27351,PaperCut,NG/MF,PaperCut NG/MF Improper Authentication Vulnerability,2023-04-20,2026-04-20,2026-05-04,1095,14,7.5,HIGH,3.1,ALTA,Known,True,No,CWE-287,Analyzed,PaperCut NG/MF contains an improper authentication vulnerability that could allow remote attackers to bypass authentication on affected installations via the SecurityRequestFilter class.,"Apply mitigations per vendor instructions, follow applicable BOD 22-01 guidance for cloud services, or discontinue use of the product if mitigations are unavailable.",https://www.papercut.com/kb/Main/PO-1216-and-PO-1219 ; https://nvd.nist.gov/vuln/detail/CVE-2023-27351
CVE-2025-61884,Oracle,E-Business Suite,Oracle E-Business Suite Server-Side Request Forgery (SSRF) Vulnerability,2025-10-12,2025-10-20,2025-11-10,7,21,7.5,HIGH,3.1,ALTA,Known,True,No,CWE-22|CWE-93|CWE-287|CWE-444|CWE-501|CWE-918,Analyzed,Oracle E-Business Suite contains a server-side request forgery (SSRF) vulnerability in the Runtime component of Oracle Configurator. This vulnerability is remotely exploitable without authentication.,"Apply mitigations per vendor instructions, follow applicable BOD 22-01 guidance for cloud services, or discontinue use of the product if mitigations are unavailable.",https://www.oracle.com/security-alerts/alert-cve-2025-61884.html ; https://nvd.nist.gov/vuln/detail/CVE-2025-61884
CVE-2024-57727,SimpleHelp ,SimpleHelp,SimpleHelp Path Traversal Vulnerability,2025-01-15,2025-02-13,2025-03-06,28,21,7.5,HIGH,3.1,ALTA,Known,True,No,CWE-22,Analyzed,SimpleHelp remote support software contains multiple path traversal vulnerabilities that allow unauthenticated remote attackers to download arbitrary files from the SimpleHelp host via crafted HTTP requests. These files may include server configuration files and hashed user passwords.,Apply mitigations per vendor instructions or discontinue use of the product if mitigations are unavailable.,https://simple-help.com/kb---security-vulnerabilities-01-2025 ; Additional CISA Mitigation Instructions: https://www.cisa.gov/news-events/cybersecurity-advisories/aa25-163a ; https://nvd.nist.gov/vuln/detail/CVE-2024-57727
CVE-2020-3259,Cisco,Adaptive Security Appliance (ASA) and Firepower Threat Defense (FTD),Cisco ASA and FTD Information Disclosure Vulnerability,2020-05-06,2024-02-15,2024-03-07,1379,21,7.5,HIGH,3.1,ALTA,Known,True,No,CWE-200,Analyzed,"Cisco Adaptive Security Appliance (ASA) and Firepower Threat Defense (FTD) contain an information disclosure vulnerability. An attacker could retrieve memory contents on an affected device, which could lead to the disclosure of confidential information due to a buffer tracking issue when the software parses invalid URLs that are requested from the web services interface. This vulnerability affects only specific AnyConnect and WebVPN configurations.",Apply mitigations per vendor instructions or discontinue use of the product if mitigations are unavailable.,https://tools.cisco.com/security/center/content/CiscoSecurityAdvisory/cisco-sa-asaftd-info-disclose-9eJtycMB; https://nvd.nist.gov/vuln/detail/CVE-2020-3259
CVE-2023-4966,Citrix,NetScaler ADC and NetScaler Gateway,Citrix NetScaler ADC and NetScaler Gateway Buffer Overflow Vulnerability,2023-10-10,2023-10-18,2023-11-08,7,21,7.5,HIGH,3.1,ALTA,Known,True,No,CWE-119,Analyzed,"Citrix NetScaler ADC and NetScaler Gateway contain a buffer overflow vulnerability that allows for sensitive information disclosure when configured as a Gateway (VPN virtual server, ICA Proxy, CVPN, RDP Proxy) or AAA virtual server.",Apply mitigations and kill all active and persistent sessions per vendor instructions [https://www.netscaler.com/blog/news/cve-2023-4966-critical-security-update-now-available-for-netscaler-adc-and-netscaler-gateway/] OR discontinue use of the product if mitigations are unavailable.,"https://www.netscaler.com/blog/news/cve-2023-4966-critical-security-update-now-available-for-netscaler-adc-and-netscaler-gateway/, https://support.citrix.com/article/CTX579459/netscaler-adc-and-netscaler-gateway-security-bulletin-for-cve20234966-and-cve20234967 ;  https://nvd.nist.gov/vuln/detail/CVE-2023-4966"
CVE-2023-27532,Veeam,Backup & Replication,Veeam Backup & Replication Cloud Connect Missing Authentication for Critical Function Vulnerability,2023-03-10,2023-08-22,2023-09-12,164,21,7.5,HIGH,3.1,ALTA,Known,True,No,CWE-306,Analyzed,Veeam Backup & Replication Cloud Connect component contains a missing authentication for critical function vulnerability that allows an unauthenticated user operating within the backup infrastructure network perimeter to obtain encrypted credentials stored in the configuration database. This may lead to an attacker gaining access to the backup infrastructure hosts.,Apply mitigations per vendor instructions or discontinue use of the product if mitigations are unavailable.,https://www.veeam.com/kb4424;  https://nvd.nist.gov/vuln/detail/CVE-2023-27532
CVE-2023-36884,Microsoft,Windows,Microsoft Windows Search Remote Code Execution Vulnerability,2023-07-11,2023-07-17,2023-08-29,5,43,7.5,HIGH,3.1,ALTA,Known,True,No,CWE-362,Analyzed,"Microsoft Windows Search contains an unspecified vulnerability that could allow an attacker to evade Mark of the Web (MOTW) defenses via a specially crafted malicious file, leading to remote code execution.",Apply mitigations per vendor instructions or discontinue use of the product if mitigations are unavailable.,https://msrc.microsoft.com/update-guide/vulnerability/CVE-2023-36884;  https://nvd.nist.gov/vuln/detail/CVE-2023-36884
CVE-2022-36537,ZK Framework,AuUploader,ZK Framework AuUploader Unspecified Vulnerability,2022-08-26,2023-02-27,2023-03-20,184,21,7.5,HIGH,3.1,ALTA,Known,True,No,CWE-441,Analyzed,"ZK Framework AuUploader servlets contain an unspecified vulnerability that could allow an attacker to retrieve the content of a file located in the web context. The ZK Framework is an open-source Java framework. This vulnerability can impact multiple products, including but not limited to ConnectWise R1Soft Server Backup Manager.",Apply updates per vendor instructions.,https://tracker.zkoss.org/browse/ZK-5150;  https://nvd.nist.gov/vuln/detail/CVE-2022-36537
CVE-2022-24990,TerraMaster,TerraMaster OS,TerraMaster OS Remote Command Execution Vulnerability,2023-02-07,2023-02-10,2023-03-03,2,21,7.5,HIGH,3.1,ALTA,Known,True,No,CWE-306,Analyzed,TerraMaster OS contains a remote command execution vulnerability that allows an unauthenticated user to execute commands on the target endpoint.,Apply updates per vendor instructions.,https://forum.terra-master.com/en/viewtopic.php?t=3030;  https://nvd.nist.gov/vuln/detail/CVE-2022-24990
CVE-2022-30333,RARLAB,UnRAR,RARLAB UnRAR Directory Traversal Vulnerability,2022-05-09,2022-08-09,2022-08-30,91,21,7.5,HIGH,3.1,ALTA,Known,True,No,CWE-22|CWE-59,Analyzed,"RARLAB UnRAR on Linux and UNIX contains a directory traversal vulnerability, allowing an attacker to write to files during an extract (unpack) operation.",Apply updates per vendor instructions.,Vulnerability updated with version 6.12. Accessing link will download update information: https://www.rarlab.com/rar/rarlinux-x32-612.tar.gz;  https://nvd.nist.gov/vuln/detail/CVE-2022-30333
CVE-2022-27924,Synacor,Zimbra Collaboration Suite (ZCS),Synacor Zimbra Collaboration Suite (ZCS) Command Injection Vulnerability,2022-04-21,2022-08-04,2022-08-25,104,21,7.5,HIGH,3.1,ALTA,Known,True,No,CWE-74,Analyzed,Synacor Zimbra Collaboration Suite (ZCS) allows an attacker to inject memcache commands into a targeted instance which causes an overwrite of arbitrary cached entries.,Apply updates per vendor instructions.,https://wiki.zimbra.com/wiki/Zimbra_Releases/9.0.0/P24.1#Security_Fixes;  https://nvd.nist.gov/vuln/detail/CVE-2022-27924
CVE-2010-1428,Red Hat,JBoss,Red Hat JBoss Information Disclosure Vulnerability,2010-04-28,2022-05-25,2022-06-15,4409,21,7.5,HIGH,3.1,ALTA,Known,True,No,CWE-749,Analyzed,"Unauthenticated access to the JBoss Application Server Web Console (/web-console) is blocked by default. However, it was found that this block was incomplete, and only blocked GET and POST HTTP verbs. A remote attacker could use this flaw to gain access to sensitive information.",Apply updates per vendor instructions.,https://nvd.nist.gov/vuln/detail/CVE-2010-1428
CVE-2017-0147,Microsoft,SMBv1 server,Microsoft Windows SMBv1 Information Disclosure Vulnerability,2017-03-17,2022-05-24,2022-06-14,1893,21,7.5,HIGH,3.1,ALTA,Known,True,No,CWE-200,Analyzed,The SMBv1 server in Microsoft Windows allows remote attackers to obtain sensitive information from process memory via a crafted packet.,Apply updates per vendor instructions.,https://nvd.nist.gov/vuln/detail/CVE-2017-0147
CVE-2021-42278,Microsoft,Active Directory,Microsoft Active Directory Domain Services Privilege Escalation Vulnerability,2021-11-10,2022-04-11,2022-05-02,151,21,7.5,HIGH,3.1,ALTA,Known,True,No,CWE-20,Analyzed,Microsoft Active Directory Domain Services contains an unspecified vulnerability that allows for privilege escalation.,Apply updates per vendor instructions.,https://nvd.nist.gov/vuln/detail/CVE-2021-42278
CVE-2021-42287,Microsoft,Active Directory,Microsoft Active Directory Domain Services Privilege Escalation Vulnerability,2021-11-10,2022-04-11,2022-05-02,151,21,7.5,HIGH,3.1,ALTA,Known,True,No,CWE-269,Analyzed,Microsoft Active Directory Domain Services contains an unspecified vulnerability that allows for privilege escalation.,Apply updates per vendor instructions.,https://nvd.nist.gov/vuln/detail/CVE-2021-42287
CVE-2016-0189,Microsoft,Internet Explorer,Microsoft Internet Explorer Memory Corruption Vulnerability,2016-05-11,2022-03-28,2022-04-18,2146,21,7.5,HIGH,3.1,ALTA,Known,True,No,CWE-787,Analyzed,"The Microsoft JScript nd VBScript engines, as used in Internet Explorer and other products, allow attackers to execute remote code or cause a denial of service (memory corruption) via a crafted web site.",Apply updates per vendor instructions.,https://nvd.nist.gov/vuln/detail/CVE-2016-0189
CVE-2018-8174,Microsoft,Windows,Microsoft Windows VBScript Engine Out-of-Bounds Write Vulnerability,2018-05-09,2022-02-15,2022-08-15,1377,181,7.5,HIGH,3.1,ALTA,Known,True,No,CWE-787,Analyzed,"A remote code execution vulnerability exists in the way that the VBScript engine handles objects in memory, aka ""Windows VBScript Engine Remote Code Execution""",Apply updates per vendor instructions.,https://nvd.nist.gov/vuln/detail/CVE-2018-8174
CVE-2019-0752,Microsoft,Internet Explorer,Microsoft Internet Explorer Type Confusion Vulnerability,2019-04-09,2022-02-15,2022-08-15,1042,181,7.5,HIGH,3.1,ALTA,Known,True,No,CWE-843,Analyzed,A remote code execution vulnerability exists in the way that the scripting engine handles objects in memory in Internet Explorer,Apply updates per vendor instructions.,https://nvd.nist.gov/vuln/detail/CVE-2019-0752
CVE-2017-10271,Oracle,WebLogic Server,Oracle Corporation WebLogic Server Remote Code Execution Vulnerability,2017-10-19,2022-02-10,2022-08-10,1574,181,7.5,HIGH,3.1,ALTA,Known,True,No,CWE-306,Analyzed,Oracle Corporation WebLogic Server contains a vulnerability that allows for remote code execution.,Apply updates per vendor instructions.,https://nvd.nist.gov/vuln/detail/CVE-2017-10271
CVE-2021-21975,VMware,vRealize Operations Manager API,VMware Server Side Request Forgery in vRealize Operations Manager API,2021-03-31,2022-01-18,2022-02-01,292,14,7.5,HIGH,3.1,ALTA,Known,True,No,CWE-918,Analyzed,Server Side Request Forgery (SSRF) in vRealize Operations Manager API prior to 8.4 may allow a malicious actor with network access to the vRealize Operations Manager API to perform a SSRF attack to steal administrative credentials.,Apply updates per vendor instructions.,https://nvd.nist.gov/vuln/detail/CVE-2021-21975
CVE-2018-13382,Fortinet,FortiOS and FortiProxy,Fortinet FortiOS and FortiProxy Improper Authorization,2019-06-04,2022-01-10,2022-07-10,950,181,7.5,HIGH,3.1,ALTA,Known,True,No,CWE-863,Analyzed,An Improper Authorization vulnerability in Fortinet FortiOS and FortiProxy under SSL VPN web portal allows an unauthenticated attacker to modify the password.,Apply updates per vendor instructions.,https://nvd.nist.gov/vuln/detail/CVE-2018-13382
CVE-2019-13608,Citrix,StoreFront Server,Citrix StoreFront Server XML External Entity (XXE) Processing Vulnerability,2019-08-29,2021-11-03,2022-05-03,796,181,7.5,HIGH,3.1,ALTA,Known,True,No,CWE-611,Analyzed,Citrix StoreFront Server contains an XML External Entity (XXE) processing vulnerability that may allow an unauthenticated attacker to retrieve potentially sensitive information.,Apply updates per vendor instructions.,https://nvd.nist.gov/vuln/detail/CVE-2019-13608
CVE-2019-1367,Microsoft,Internet Explorer,Microsoft Internet Explorer Scripting Engine Memory Corruption Vulnerability,2019-09-23,2021-11-03,2022-05-03,771,181,7.5,HIGH,3.1,ALTA,Known,True,No,CWE-787,Analyzed,Microsoft Internet Explorer contains a memory corruption vulnerability in how the scripting engine handles objects in memory. Successful exploitation allows for remote code execution in the context of the current user.,Apply updates per vendor instructions.,https://nvd.nist.gov/vuln/detail/CVE-2019-1367
CVE-2019-7481,SonicWall,SMA100,SonicWall SMA100 SQL Injection Vulnerability,2019-12-17,2021-11-03,2022-05-03,686,181,7.5,HIGH,3.1,ALTA,Known,True,No,CWE-89,Analyzed,SonicWall SMA100 contains a SQL injection vulnerability allowing an unauthenticated user to gain read-only access to unauthorized resources.,Apply updates per vendor instructions.,https://nvd.nist.gov/vuln/detail/CVE-2019-7481
CVE-2020-0968,Microsoft,Internet Explorer,Microsoft Internet Explorer Scripting Engine Memory Corruption Vulnerability,2020-04-15,2021-11-03,2022-05-03,566,181,7.5,HIGH,3.1,ALTA,Known,True,No,CWE-787,Analyzed,"Microsoft Internet Explorer contains a memory corruption vulnerability due to how the Scripting Engine handles objects in memory, leading to remote code execution.",Apply updates per vendor instructions.,https://nvd.nist.gov/vuln/detail/CVE-2020-0968
CVE-2021-36942,Microsoft,Windows,Microsoft Windows Local Security Authority (LSA) Spoofing Vulnerability,2021-08-12,2021-11-03,2021-11-17,82,14,7.5,HIGH,3.1,ALTA,Known,True,No,CWE-749,Analyzed,Microsoft Windows Local Security Authority (LSA) contains a spoofing vulnerability allowing an unauthenticated attacker to call a method on the LSARPC interface and coerce the domain controller to authenticate against another server using NTLM.,Apply updates per vendor instructions.,https://nvd.nist.gov/vuln/detail/CVE-2021-36942
CVE-2018-8581,Microsoft,Exchange Server,Microsoft Exchange Server Privilege Escalation Vulnerability,2018-11-14,2022-03-03,2022-03-17,1204,14,7.4,HIGH,3.1,ALTA,Known,True,No,,Analyzed,A privilege escalation vulnerability exists in Microsoft Exchange Server. An attacker who successfully exploited this vulnerability could attempt to impersonate any other user of the Exchange server.,Apply updates per vendor instructions.,https://nvd.nist.gov/vuln/detail/CVE-2018-8581
CVE-2024-27199,JetBrains,TeamCity,JetBrains TeamCity Relative Path Traversal Vulnerability,2024-03-04,2026-04-20,2026-05-04,776,14,7.3,HIGH,3.1,ALTA,Known,True,No,CWE-23|CWE-22,Analyzed,JetBrains TeamCity contains a relative path traversal vulnerability that could allow limited admin actions to be performed.,"Apply mitigations per vendor instructions, follow applicable BOD 22-01 guidance for cloud services, or discontinue use of the product if mitigations are unavailable.",https://www.jetbrains.com/privacy-security/issues-fixed/ ; https://blog.jetbrains.com/teamcity/2024/03/additional-critical-security-issues-affecting-teamcity-on-premises-cve-2024-27198-and-cve-2024-27199-update-to-2023-11-4-now/ ; https://nvd.nist.gov/vuln/detail/CVE-2024-27199
CVE-2017-0213,Microsoft,Windows,Microsoft Windows Privilege Escalation Vulnerability,2017-05-12,2022-03-28,2022-04-18,1780,21,7.3,HIGH,3.1,ALTA,Known,True,No,,Analyzed,Microsoft Windows COM Aggregate Marshaler allows for privilege escalation when an attacker runs a specially crafted application.,Apply updates per vendor instructions.,https://nvd.nist.gov/vuln/detail/CVE-2017-0213
CVE-2026-15410,SonicWall,SMA1000 Appliances,SonicWall SMA1000 Appliances Code Injection Vulnerability,2026-07-14,2026-07-14,2026-07-17,-1,3,7.2,HIGH,3.1,ALTA,Known,True,Yes,CWE-94,Analyzed,SonicWall SMA1000 Appliances contain a code injection vulnerability which in specific conditions could potentially enable a remote authenticated attacker as administrator to execute arbitrary OS commands.,"Apply mitigations in accordance with vendor instructions, ensuring compliance with CISA’s BOD 26-04 Prioritizing Security Updates Based on Risk (see URL in Notes) guidance and CISA’s “Forensics Triage Requirements” (see URL in Notes). Follow applicable BOD 26-04 guidance for cloud services or discontinue use of the product if mitigations are unavailable. Stakeholders are responsible for evaluating each asset's internet exposure and ensuring adherence to BOD 26-04 patching guidelines.",https://psirt.global.sonicwall.com/vuln-detail/SNWLID-2026-0008 ; BOD 26-04: https://www.cisa.gov/news-events/directives/bod-26-04-prioritizing-security-updates-based-risk ; Forensics Triage Requirements: https://www.cisa.gov/news-events/directives/bod-26-04-implementation-guidance-prioritizing-security-updates-based-risk ; https://nvd.nist.gov/vuln/detail/CVE-2026-15410
CVE-2024-57728,SimpleHelp ,SimpleHelp,SimpleHelp Path Traversal Vulnerability,2025-01-15,2026-04-24,2026-05-08,463,14,7.2,HIGH,3.1,ALTA,Known,True,No,CWE-59|CWE-22,Analyzed,SimpleHelp contains a path traversal vulnerability that allows admin users to upload arbitrary files anywhere on the file system by uploading a crafted zip file (i.e. zip slip). This can be exploited to execute arbitrary code on the host in the context of the SimpleHelp server user.,"Apply mitigations per vendor instructions, follow applicable BOD 22-01 guidance for cloud services, or discontinue use of the product if mitigations are unavailable.",https://simple-help.com/kb---security-vulnerabilities-01-2025#security-vulnerabilities-in-simplehelp-5-5-7-and-earlier ; https://nvd.nist.gov/vuln/detail/CVE-2024-57728
CVE-2024-38094,Microsoft,SharePoint,Microsoft SharePoint Deserialization Vulnerability,2024-07-09,2024-10-22,2024-11-12,104,21,7.2,HIGH,3.1,ALTA,Known,True,No,CWE-502,Analyzed,Microsoft SharePoint contains a deserialization vulnerability that allows for remote code execution.,Apply mitigations per vendor instructions or discontinue use of the product if mitigations are unavailable.,https://msrc.microsoft.com/update-guide/vulnerability/CVE-2024-38094 ; https://nvd.nist.gov/vuln/detail/CVE-2024-38094
CVE-2024-37085,VMware,ESXi,VMware ESXi Authentication Bypass Vulnerability,2024-06-25,2024-07-30,2024-08-20,34,21,7.2,HIGH,3.1,ALTA,Known,True,No,CWE-287|CWE-305,Analyzed,VMware ESXi contains an authentication bypass vulnerability. A malicious actor with sufficient Active Directory (AD) permissions can gain full access to an ESXi host that was previously configured to use AD for user management by re-creating the configured AD group ('ESXi Admins' by default) after it was deleted from AD.,Apply mitigations per vendor instructions or discontinue use of the product if mitigations are unavailable.,https://support.broadcom.com/web/ecx/support-content-notification/-/external/content/SecurityAdvisories/0/24505;   https://nvd.nist.gov/vuln/detail/CVE-2024-37085
CVE-2023-24955,Microsoft,SharePoint Server,Microsoft SharePoint Server Code Injection Vulnerability,2023-05-09,2024-03-26,2024-04-16,321,21,7.2,HIGH,3.1,ALTA,Known,True,No,CWE-94,Analyzed,Microsoft SharePoint Server contains a code injection vulnerability that allows an authenticated attacker with Site Owner privileges to execute code remotely.,Apply mitigations per vendor instructions or discontinue use of the product if mitigations are unavailable.,https://msrc.microsoft.com/update-guide/vulnerability/CVE-2023-24955;  https://nvd.nist.gov/vuln/detail/CVE-2023-24955
CVE-2023-0669,Fortra,GoAnywhere MFT,Fortra GoAnywhere MFT Remote Code Execution Vulnerability,2023-02-06,2023-02-10,2023-03-03,3,21,7.2,HIGH,3.1,ALTA,Known,True,No,CWE-502,Analyzed,"Fortra (formerly, HelpSystems) GoAnywhere MFT contains a pre-authentication remote code execution vulnerability in the License Response Servlet due to deserializing an attacker-controlled object.",Apply updates per vendor instructions.,This CVE has a CISA AA located here: https://www.cisa.gov/news-events/cybersecurity-advisories/aa23-158a. Please see the AA for associated IOCs. Additional information is available at: https://my.goanywhere.com/webclient/DownloadProductFiles.xhtml. Fortra users must have an account in order to login and access the patch.;  https://nvd.nist.gov/vuln/detail/CVE-2023-0669
CVE-2022-27925,Synacor,Zimbra Collaboration Suite (ZCS),Synacor Zimbra Collaboration Suite (ZCS) Arbitrary File Upload Vulnerability,2022-04-21,2022-08-11,2022-09-01,111,21,7.2,HIGH,3.1,ALTA,Known,True,No,CWE-22,Analyzed,"Synacor Zimbra Collaboration Suite (ZCS) contains flaw in the mboximport functionality, allowing an authenticated attacker to upload arbitrary files to perform remote code execution. This vulnerability was chained with CVE-2022-37042 which allows for unauthenticated remote code execution.",Apply updates per vendor instructions.,https://blog.zimbra.com/2022/08/authentication-bypass-in-mailboximportservlet-vulnerability/;  https://nvd.nist.gov/vuln/detail/CVE-2022-27925
CVE-2019-11539,Ivanti,Pulse Connect Secure and Pulse Policy Secure,Ivanti Pulse Connect Secure and Policy Secure Command Injection Vulnerability,2019-04-26,2021-11-03,2022-05-03,921,181,7.2,HIGH,3.1,ALTA,Known,True,No,CWE-78,Analyzed,Ivanti Pulse Connect Secure and Policy Secure allows an authenticated attacker from the admin web interface to inject and execute commands.,Apply updates per vendor instructions.,https://nvd.nist.gov/vuln/detail/CVE-2019-11539
CVE-2021-20022,SonicWall,SonicWall Email Security,SonicWall Email Security Unrestricted Upload of File Vulnerability,2021-04-09,2021-11-03,2021-11-17,207,14,7.2,HIGH,3.1,ALTA,Known,True,No,CWE-434,Analyzed,SonicWall Email Security contains an unrestricted upload of file with dangerous type vulnerability that allows a post-authenticated attacker to upload a file to the remote host. This vulnerability has known usage in a SonicWall Email Security exploit chain along with CVE-2021-20021 and CVE-2021-20023 to achieve privilege escalation.,Apply updates per vendor instructions.,https://nvd.nist.gov/vuln/detail/CVE-2021-20022
CVE-2021-43890,Microsoft,Windows,Microsoft Windows AppX Installer Spoofing Vulnerability,2021-12-15,2021-12-15,2021-12-29,-1,14,7.1,HIGH,3.1,ALTA,Known,True,No,,Analyzed,"Microsoft Windows AppX Installer contains a spoofing vulnerability which has a high impacts to confidentiality, integrity, and availability.",Apply updates per vendor instructions.,https://nvd.nist.gov/vuln/detail/CVE-2021-43890
CVE-2025-26633,Microsoft,Windows,Microsoft Windows Management Console (MMC) Improper Neutralization Vulnerability,2025-03-11,2025-03-11,2025-04-01,-1,21,7.0,HIGH,3.1,ALTA,Known,True,No,CWE-707,Analyzed,Microsoft Windows Management Console (MMC) contains an improper neutralization vulnerability that allows an unauthorized attacker to bypass a security feature locally.,"Apply mitigations per vendor instructions, follow applicable BOD 22-01 guidance for cloud services, or discontinue use of the product if mitigations are unavailable.",https://msrc.microsoft.com/update-guide/en-US/vulnerability/CVE-2025-26633 ; https://nvd.nist.gov/vuln/detail/CVE-2025-26633
CVE-2024-30088,Microsoft,Windows ,Microsoft Windows Kernel TOCTOU Race Condition Vulnerability,2024-06-11,2024-10-15,2024-11-05,125,21,7.0,HIGH,3.1,ALTA,Known,True,No,CWE-367,Analyzed,Microsoft Windows Kernel contains a time-of-check to time-of-use (TOCTOU) race condition vulnerability that could allow for privilege escalation. ,Apply mitigations per vendor instructions or discontinue use of the product if mitigations are unavailable.,https://msrc.microsoft.com/update-guide/en-US/vulnerability/CVE-2024-30088 ; https://nvd.nist.gov/vuln/detail/CVE-2024-30088
CVE-2018-8120,Microsoft,Win32k,Microsoft Win32k Privilege Escalation Vulnerability,2018-05-09,2022-03-15,2022-04-05,1405,21,7.0,HIGH,3.1,ALTA,Known,True,No,CWE-404,Analyzed,A privilege escalation vulnerability exists in Windows when the Win32k component fails to properly handle objects in memory.,Apply updates per vendor instructions.,https://nvd.nist.gov/vuln/detail/CVE-2018-8120
CVE-2024-9474,Palo Alto Networks,PAN-OS,Palo Alto Networks PAN-OS Management Interface OS Command Injection Vulnerability,2024-11-18,2024-11-18,2024-12-09,-1,21,6.9,MEDIUM,4.0,MEDIA,Known,True,No,CWE-78,Analyzed,"Palo Alto Networks PAN-OS contains an OS command injection vulnerability that allows for privilege escalation through the web-based management interface for several PAN products, including firewalls and VPN concentrators.","Apply mitigations per vendor instructions or discontinue use of the product if mitigations are unavailable. Additionally, the management interfaces for affected devices should not be exposed to untrusted networks, including the internet.",https://security.paloaltonetworks.com/CVE-2024-9474 ; https://nvd.nist.gov/vuln/detail/CVE-2024-9474
CVE-2022-40765,Mitel,MiVoice Connect,Mitel MiVoice Connect Command Injection Vulnerability,2022-11-22,2023-02-21,2023-03-14,90,21,6.8,MEDIUM,3.1,MEDIA,Known,True,No,CWE-77,Analyzed,The Mitel Edge Gateway component of MiVoice Connect allows an authenticated attacker with internal network access to execute commands within the context of the system.,Apply updates per vendor instructions.,https://www.mitel.com/support/security-advisories/mitel-product-security-advisory-22-0007;  https://nvd.nist.gov/vuln/detail/CVE-2022-40765
CVE-2022-41223,Mitel,MiVoice Connect,Mitel MiVoice Connect Code Injection Vulnerability,2022-11-22,2023-02-21,2023-03-14,90,21,6.8,MEDIUM,3.1,MEDIA,Known,True,No,CWE-94,Analyzed,The Director component in Mitel MiVoice Connect allows an authenticated attacker with internal network access to execute code within the context of the application.,Apply updates per vendor instructions.,https://www.mitel.com/support/security-advisories/mitel-product-security-advisory-22-0008;  https://nvd.nist.gov/vuln/detail/CVE-2022-41223
CVE-2018-2380,SAP,Customer Relationship Management (CRM),SAP Customer Relationship Management (CRM) Path Traversal Vulnerability,2018-03-01,2021-11-03,2022-05-03,1342,181,6.6,MEDIUM,3.1,MEDIA,Known,True,No,CWE-22,Analyzed,SAP Customer Relationship Management (CRM) contains a path traversal vulnerability that allows an attacker to exploit insufficient validation of path information provided by users.,Apply updates per vendor instructions.,https://nvd.nist.gov/vuln/detail/CVE-2018-2380
CVE-2021-31207,Microsoft,Exchange Server,Microsoft Exchange Server Security Feature Bypass Vulnerability,2021-05-11,2021-11-03,2021-11-17,175,14,6.6,MEDIUM,3.1,MEDIA,Known,True,No,CWE-434,Analyzed,Microsoft Exchange Server contains an unspecified vulnerability that allows for security feature bypass.,Apply updates per vendor instructions.,https://nvd.nist.gov/vuln/detail/CVE-2021-31207
CVE-2025-49706,Microsoft,SharePoint,Microsoft SharePoint Improper Authentication Vulnerability,2025-07-08,2025-07-22,2025-07-23,13,1,6.5,MEDIUM,3.1,MEDIA,Known,True,No,CWE-287,Analyzed,"Microsoft SharePoint contains an improper authentication vulnerability that allows an authorized attacker to perform spoofing over a network. Successfully exploitation could allow an attacker to view sensitive information and make some changes to disclosed information. This vulnerability could be chained with CVE-2025-49704. CVE-2025-53771 is a patch bypass for CVE-2025-49706, and the updates for CVE-2025-53771 include more robust protection than those for CVE-2025-49706.","Disconnect public-facing versions of SharePoint Server that have reached their end-of-life (EOL) or end-of-service (EOS) to include SharePoint Server 2013 and earlier versions. For supported versions, please follow the mitigations according to CISA (URL listed below in Notes) and vendor instructions (URL listed below in Notes). Adhere to the applicable BOD 22-01 guidance for cloud services or discontinue use of the product if mitigations are not available.",CISA Mitigation Instructions: https://www.cisa.gov/news-events/alerts/2025/07/20/microsoft-releases-guidance-exploitation-sharepoint-vulnerability-cve-2025-53770 ; https://www.microsoft.com/en-us/security/blog/2025/07/22/disrupting-active-exploitation-of-on-premises-sharepoint-vulnerabilities/ ; https://msrc.microsoft.com/update-guide/vulnerability/CVE-2025-49706 ; https://nvd.nist.gov/vuln/detail/CVE-2025-49706
CVE-2019-6693,Fortinet,FortiOS,Fortinet FortiOS Use of Hard-Coded Credentials Vulnerability,2019-11-21,2025-06-25,2025-07-16,2042,21,6.5,MEDIUM,3.1,MEDIA,Known,True,No,CWE-798,Analyzed,Fortinet FortiOS contains a use of hard-coded credentials vulnerability that could allow an attacker to cipher sensitive data in FortiOS configuration backup file via knowledge of the hard-coded key. ,"Apply mitigations per vendor instructions, follow applicable BOD 22-01 guidance for cloud services, or discontinue use of the product if mitigations are unavailable.",https://fortiguard.com/advisory/FG-IR-19-007 ; https://nvd.nist.gov/vuln/detail/CVE-2019-6693
CVE-2023-41266,Qlik,Sense,Qlik Sense Path Traversal Vulnerability,2023-08-29,2023-12-07,2023-12-28,99,21,6.5,MEDIUM,3.1,MEDIA,Known,True,No,CWE-22,Analyzed,"Qlik Sense contains a path traversal vulnerability that allows a remote, unauthenticated attacker to create an anonymous session by sending maliciously crafted HTTP requests. This anonymous session could allow the attacker to send further requests to unauthorized endpoints.",Apply remediations or mitigations per vendor instructions or discontinue use of the product if remediation or mitigations are unavailable.,https://community.qlik.com/t5/Official-Support-Articles/Critical-Security-fixes-for-Qlik-Sense-Enterprise-for-Windows/ta-p/2110801  ;  https://nvd.nist.gov/vuln/detail/CVE-2023-41266
CVE-2020-3153,Cisco,AnyConnect Secure,Cisco AnyConnect Secure Mobility Client for Windows Uncontrolled Search Path Vulnerability,2020-02-19,2022-10-24,2022-11-14,977,21,6.5,MEDIUM,3.1,MEDIA,Known,True,No,CWE-427,Analyzed,"Cisco AnyConnect Secure Mobility Client for Windows allows for incorrect handling of directory paths. An attacker with valid credentials on Windows would be able to copy malicious files to arbitrary locations with system level privileges. This could include DLL pre-loading, DLL hijacking, and other related attacks.",Apply updates per vendor instructions.,https://tools.cisco.com/security/center/content/CiscoSecurityAdvisory/cisco-sa-ac-win-path-traverse-qO4HWBsj; https://nvd.nist.gov/vuln/detail/CVE-2020-3153
CVE-2013-3993,IBM,InfoSphere BigInsights,IBM InfoSphere BigInsights Invalid Input Vulnerability,2014-07-07,2022-05-25,2022-06-15,2878,21,6.5,MEDIUM,3.1,MEDIA,Known,True,No,CWE-22,Analyzed,"Certain APIs within BigInsights can take invalid input that might allow attackers unauthorized access to read, write, modify, or delete data.",The impacted product is end-of-life and should be disconnected if still in use.,https://nvd.nist.gov/vuln/detail/CVE-2013-3993
CVE-2016-3351,Microsoft,Internet Explorer and Edge,Microsoft Internet Explorer and Edge Information Disclosure Vulnerability,2016-09-14,2022-05-24,2022-06-14,2077,21,6.5,MEDIUM,3.1,MEDIA,Known,True,No,CWE-200,Analyzed,An information disclosure vulnerability exists in the way that certain functions in Internet Explorer and Edge handle objects in memory. The vulnerability could allow an attacker to detect specific files on the user's computer.,Apply updates per vendor instructions.,https://nvd.nist.gov/vuln/detail/CVE-2016-3351
CVE-2009-3960,Adobe,BlazeDS,Adobe BlazeDS Information Disclosure Vulnerability,2010-02-15,2022-03-07,2022-09-07,4402,184,6.5,MEDIUM,3.1,MEDIA,Known,True,No,,Analyzed,"Adobe BlazeDS, which is utilized in LifeCycle and Coldfusion, contains a vulnerability that allows for information disclosure.",Apply updates per vendor instructions.,https://nvd.nist.gov/vuln/detail/CVE-2009-3960
CVE-2018-13383,Fortinet,FortiOS and FortiProxy,Fortinet FortiOS and FortiProxy Out-of-bounds Write,2019-05-29,2022-01-10,2022-07-10,956,181,6.5,MEDIUM,3.1,MEDIA,Known,True,No,CWE-787,Analyzed,A heap buffer overflow in Fortinet FortiOS and FortiProxy may cause the SSL VPN web service termination for logged in users.,Apply updates per vendor instructions.,https://nvd.nist.gov/vuln/detail/CVE-2018-13383
CVE-2019-5591,Fortinet,FortiOS,Fortinet FortiOS Default Configuration Vulnerability,2020-08-14,2021-11-03,2022-05-03,445,181,6.5,MEDIUM,3.1,MEDIA,Known,True,No,CWE-306,Analyzed,Fortinet FortiOS contains a default configuration vulnerability that may allow an unauthenticated attacker on the same subnet to intercept sensitive information by impersonating the Lightweight Directory Access Protocol (LDAP) server.,Apply updates per vendor instructions.,https://nvd.nist.gov/vuln/detail/CVE-2019-5591
CVE-2018-19953,QNAP,Network Attached Storage (NAS),QNAP NAS File Station Cross-Site Scripting Vulnerability,2020-10-28,2022-05-24,2022-06-14,572,21,6.1,MEDIUM,3.1,MEDIA,Known,True,No,CWE-79|CWE-80,Analyzed,A cross-site scripting vulnerability affecting QNAP NAS File Station could allow remote attackers to inject malicious code.,Apply updates per vendor instructions.,https://nvd.nist.gov/vuln/detail/CVE-2018-19953
CVE-2018-6882,Synacor,Zimbra Collaboration Suite (ZCS),Synacor Zimbra Collaboration Suite (ZCS) Cross-Site Scripting (XSS) Vulnerability,2018-03-27,2022-04-19,2022-05-10,1483,21,6.1,MEDIUM,3.1,MEDIA,Known,True,No,CWE-79,Analyzed,Synacor Zimbra Collaboration Suite (ZCS) contains a cross-site scripting vulnerability that might allow remote attackers to inject arbitrary web script or HTML.,Apply updates per vendor instructions.,https://nvd.nist.gov/vuln/detail/CVE-2018-6882
CVE-2022-24682,Synacor,Zimbra Collaborate Suite (ZCS),Synacor Zimbra Collaborate Suite (ZCS) Cross-Site Scripting Vulnerability,2022-02-09,2022-02-25,2022-03-11,15,14,6.1,MEDIUM,3.1,MEDIA,Known,True,No,CWE-116,Analyzed,Synacor Zimbra Collaboration Suite (ZCS) contains a cross-site scripting (XSS) vulnerability in the Calendar feature that allows an attacker to execute arbitrary code.,Apply updates per vendor instructions.,https://nvd.nist.gov/vuln/detail/CVE-2022-24682
CVE-2020-3580,Cisco,Adaptive Security Appliance (ASA) and Firepower Threat Defense (FTD),Cisco ASA and FTD Cross-Site Scripting (XSS) Vulnerability,2020-10-21,2021-11-03,2022-05-03,377,181,6.1,MEDIUM,3.1,MEDIA,Known,True,No,CWE-79,Analyzed,Cisco Adaptive Security Appliance (ASA) and Firepower Threat Defense (FTD) contain an insufficient input validation vulnerability for user-supplied input by the web services interface.  Successful exploitation could allow an attacker to perform cross-site scripting (XSS) in the context of the interface or access sensitive browser-based information.,Apply updates per vendor instructions.,https://nvd.nist.gov/vuln/detail/CVE-2020-3580
CVE-2021-41379,Microsoft,Windows,Microsoft Windows Installer Privilege Escalation Vulnerability,2021-11-10,2022-03-03,2022-03-17,112,14,5.5,MEDIUM,3.1,MEDIA,Known,True,No,CWE-59,Analyzed,Microsoft Windows Installer contains an unspecified vulnerability that allows for privilege escalation.,Apply updates per vendor instructions.,https://nvd.nist.gov/vuln/detail/CVE-2021-41379
CVE-2020-1472,Microsoft,Netlogon,Microsoft Netlogon Privilege Escalation Vulnerability,2020-08-17,2021-11-03,2022-05-03,442,181,5.5,MEDIUM,3.1,MEDIA,Known,True,No,CWE-330,Analyzed,Microsoft's Netlogon Remote Protocol (MS-NRPC) contains a privilege escalation vulnerability when an attacker establishes a vulnerable Netlogon secure channel connection to a domain controller. An attacker who successfully exploits the vulnerability could run a specially crafted application on a device on the network. The vulnerability is also known under the moniker of Zerologon.,Apply updates per vendor instructions.,Reference CISA's ED 20-04 (https://www.cisa.gov/news-events/directives/ed-20-04-mitigate-netlogon-elevation-privilege-vulnerability-august-2020-patch-tuesday) for further guidance and requirements. Note: The due date for addressing this vulnerability aligns with the requirements outlined in ED 20-04. https://nvd.nist.gov/vuln/detail/CVE-2020-1472
CVE-2022-44698,Microsoft,Defender,Microsoft Defender SmartScreen Security Feature Bypass Vulnerability,2022-12-13,2022-12-13,2023-01-03,-1,21,5.4,MEDIUM,3.1,MEDIA,Known,True,No,CWE-755,Analyzed,Microsoft Defender SmartScreen contains a security feature bypass vulnerability that could allow an attacker to evade Mark of the Web (MOTW) defenses via a specially crafted malicious file.,Apply updates per vendor instructions.,https://msrc.microsoft.com/update-guide/vulnerability/CVE-2022-44698;  https://nvd.nist.gov/vuln/detail/CVE-2022-44698
CVE-2022-41091,Microsoft,Windows,Microsoft Windows Mark of the Web (MOTW) Security Feature Bypass Vulnerability,2022-11-09,2022-11-08,2022-12-09,-2,31,5.4,MEDIUM,3.1,MEDIA,Known,True,No,CWE-863,Analyzed,Microsoft Windows Mark of the Web (MOTW) contains a security feature bypass vulnerability resulting in a limited loss of integrity and availability of security features.,Apply updates per vendor instructions.,https://portal.msrc.microsoft.com/en-US/security-guidance/advisory/CVE-2022-41091;  https://nvd.nist.gov/vuln/detail/CVE-2022-41091
CVE-2018-19943,QNAP,Network Attached Storage (NAS),QNAP NAS File Station Cross-Site Scripting Vulnerability,2020-10-28,2022-05-24,2022-06-14,572,21,5.4,MEDIUM,3.1,MEDIA,Known,True,No,CWE-79|CWE-80,Analyzed,A cross-site scripting vulnerability affecting QNAP NAS File Station could allow remote attackers to inject malicious code.,Apply updates per vendor instructions.,https://nvd.nist.gov/vuln/detail/CVE-2018-19943
CVE-2026-20316,Cisco,Secure Firewall Management Center (FMC),Cisco Secure Firewall Management Center Use of Hard-coded Password Vulnerability,2026-07-29,2026-07-29,2026-08-01,-1,3,5.3,MEDIUM,3.1,MEDIA,Known,True,No,CWE-259,Analyzed,"Cisco Secure Firewall Management Center (FMC) formerly known as Firepower Management Center contains a use of hard-coded password vulnerability that could allow an unauthenticated, remote attacker to log in to an affected device using a low-privileged account to access sensitive data within the impacted systems.","Apply mitigations in accordance with vendor instructions, ensuring compliance with CISA’s BOD 26-04 Prioritizing Security Updates Based on Risk (see URL in Notes) guidance and CISA’s “Forensics Triage Requirements” (see URL in Notes). Follow applicable BOD 26-04 guidance for cloud services or discontinue use of the product if mitigations are unavailable. Stakeholders are responsible for evaluating each asset's internet exposure and ensuring adherence to BOD 26-04 patching guidelines.",https://sec.cloudapps.cisco.com/security/center/content/CiscoSecurityAdvisory/cisco-sa-fmc-static-cred-BET3Cjh ; BOD 26-04: https://www.cisa.gov/news-events/directives/bod-26-04-prioritizing-security-updates-based-risk ; Forensics Triage Requirements: https://www.cisa.gov/news-events/directives/bod-26-04-implementation-guidance-prioritizing-security-updates-based-risk ; https://nvd.nist.gov/vuln/detail/CVE-2026-20316
CVE-2010-0738,Red Hat,JBoss,Red Hat JBoss Authentication Bypass Vulnerability,2010-04-28,2022-05-25,2022-06-15,4409,21,5.3,MEDIUM,3.1,MEDIA,Known,True,No,CWE-749,Analyzed,"The JMX-Console web application in JBossAs in Red Hat JBoss Enterprise Application Platform performs access control only for the GET and POST methods, which allows remote attackers to send requests to this application's GET handler by using a different method.",Apply updates per vendor instructions.,https://nvd.nist.gov/vuln/detail/CVE-2010-0738
CVE-2013-0431,Oracle,Java Runtime Environment (JRE),Oracle JRE Sandbox Bypass Vulnerability,2013-01-31,2022-05-25,2022-06-15,3400,21,5.3,MEDIUM,3.1,MEDIA,Known,True,No,CWE-693,Analyzed,Unspecified vulnerability in the Java Runtime Environment (JRE) component in Oracle allows remote attackers to bypass the Java security sandbox.,Apply updates per vendor instructions.,https://nvd.nist.gov/vuln/detail/CVE-2013-0431
CVE-2021-26085,Atlassian,Confluence Server,Atlassian Confluence Server Pre-Authorization Arbitrary File Read Vulnerability,2021-08-03,2022-03-28,2022-04-18,236,21,5.3,MEDIUM,3.1,MEDIA,Known,True,No,CWE-425,Analyzed,Affected versions of Atlassian Confluence Server allow remote attackers to view restricted resources via a pre-authorization arbitrary file read vulnerability in the /s/ endpoint.,Apply updates per vendor instructions.,https://nvd.nist.gov/vuln/detail/CVE-2021-26085
CVE-2021-20023,SonicWall,SonicWall Email Security,SonicWall Email Security Path Traversal Vulnerability,2021-04-20,2021-11-03,2021-11-17,196,14,4.9,MEDIUM,3.1,MEDIA,Known,True,No,CWE-22,Analyzed,SonicWall Email Security contains a path traversal vulnerability that allows a post-authenticated attacker to read files on the remote host. This vulnerability has known usage in a SonicWall Email Security exploit chain along with CVE-2021-20021 and CVE-2021-20022 to achieve privilege escalation.,Apply updates per vendor instructions.,https://nvd.nist.gov/vuln/detail/CVE-2021-20023
CVE-2023-24880,Microsoft,Windows,Microsoft Windows SmartScreen Security Feature Bypass Vulnerability,2023-03-14,2023-03-14,2023-04-04,-1,21,4.4,MEDIUM,3.1,MEDIA,Known,True,No,CWE-863,Analyzed,Microsoft Windows SmartScreen contains a security feature bypass vulnerability that could allow an attacker to evade Mark of the Web (MOTW) defenses via a specially crafted malicious file.,Apply updates per vendor instructions.,https://msrc.microsoft.com/update-guide/en-US/vulnerability/CVE-2023-24880;  https://nvd.nist.gov/vuln/detail/CVE-2023-24880
CVE-2018-13374,Fortinet,FortiOS and FortiADC,Fortinet FortiOS and FortiADC Improper Access Control Vulnerability,2019-01-22,2022-09-08,2022-09-29,1324,21,4.3,MEDIUM,3.1,MEDIA,Known,True,No,CWE-732,Analyzed,Fortinet FortiOS and FortiADC contain an improper access control vulnerability that allows attackers to obtain the LDAP server login credentials configured in FortiGate by pointing a LDAP server connectivity test request to a rogue LDAP server.,Apply updates per vendor instructions.,https://www.fortiguard.com/psirt/FG-IR-18-157; https://nvd.nist.gov/vuln/detail/CVE-2018-13374
CVE-2020-0878,Microsoft,Edge and Internet Explorer,Microsoft Edge and Internet Explorer Memory Corruption Vulnerability,2020-09-11,2021-11-03,2022-05-03,417,181,4.2,MEDIUM,3.1,MEDIA,Known,True,No,CWE-787,Analyzed,Microsoft Edge and Internet Explorer contain a memory corruption vulnerability that allows attackers to execute code in the context of the current user.,Apply updates per vendor instructions.,https://nvd.nist.gov/vuln/detail/CVE-2020-0878
CVE-2024-55550,Mitel,MiCollab,Mitel MiCollab Path Traversal Vulnerability,2024-12-10,2025-01-07,2025-01-28,27,21,2.7,LOW,3.1,BAIXA,Known,True,No,CWE-22,Analyzed,"Mitel MiCollab contains a path traversal vulnerability that could allow an authenticated attacker with administrative privileges to read local files within the system due to insufficient input sanitization. This vulnerability can be chained with CVE-2024-41713, which allows an unauthenticated, remote attacker to read arbitrary files on the server.",Apply mitigations per vendor instructions or discontinue use of the product if mitigations are unavailable.,https://www.mitel.com/support/security-advisories/mitel-product-security-advisory-misa-2024-0029 ; https://nvd.nist.gov/vuln/detail/CVE-2024-55550
